l2id,nj,chipct,mdist,lntotvar,olsrsvar,mdrsvar,ebintrcp,ebagec,olintrcp,olagec,fvintrcp,fvagec,ecintrcp,ecagec,pv00,pv10,pv11,pvc00,pvc10,pvc11,sexnum,sex55,hand,iqc,ageatfir
10124,2,-1E+036,-1E+036,.00731968785690751,-1E+036,-1E+036,.00319599294382283,-.000165322437743357,-.517777696650493,-.162595190738254,.0475296035313658,.00224178270837577,.0507255964751887,.00207646027063241,.000333046663646913,-1.57819436654563E-005,9.2144204534195E-007,.000331012959404768,-1.30401019033609E-005,2.24090542363232E-006,1,.5,1,-6.47540983606557,12.9774127310062
10125,3,2.42826881206206,.446295656361067,-.346529098535773,4.14965154686883E-005,.000185553237813912,-.0132720278010664,.000633454283976215,-.0238924554409084,.000981155222612294,.0527507509553778,-.00207307126677776,.0394787231543114,-.00143961698280154,.000342236740780993,-1.66668226169769E-005,9.85367352639351E-007,.00033885818743484,-1.76217869703238E-005,2.38380347073339E-006,0,-.5,1,12.5245901639344,17.2128678986995
10128,4,3.37296361946376,1.29154482567384,-.54757948156588,-.345704764710182,-1E+036,.001110598794719,-4.07350306591239E-005,-.0498964416336438,.0153796495639922,.0475296035313658,.00224178270837577,.0486402023260848,.00220104767771665,.000331113034990408,-1.63342733753039E-005,9.78833689520349E-007,.000325921509337713,-1.95840363269597E-005,2.87615747405732E-006,1,.5,1,14.5245901639344,18.5544147843943
10129,3,-1E+036,-1E+036,-.345817374104643,.000313968482605507,.00061855225922783,.0156891346782569,-.000763848111835162,.0082635253312074,-.0228075119001201,.0475296035313658,.00224178270837577,.0632187382096227,.00147793459654061,.000296564703997943,-1.42093265814771E-005,8.54723158653127E-007,.000291485042849027,-1.30784321548705E-005,2.33878623772047E-006,1,.5,1,-13.4754098360656,14.8829568788501
10132,3,7.75825880637987,8.76194144398437,-.341297955787192,.00126367411704043,.00224975221399201,.00877612119785494,-.000445086739997707,.1359858110062,-.0404333934394392,.0475296035313658,.00224178270837577,.0563057247292208,.00179669596837807,.00037118250582054,-1.81861401748158E-005,1.06437856442931E-006,.000369325001275177,-2.07912429639733E-005,2.89414870933054E-006,1,.5,0,14.5245901639344,18.3791923340178
10133,3,-1E+036,-1E+036,-.346108018306085,1.10738671296404E-005,-1E+036,-.0172882996304838,.000848537273636777,-.142106689875446,-.0180042110076557,.0527507509553778,-.00207307126677776,.035462451324894,-.00122453399314098,.00024016540165853,-1.10178764817299E-005,6.77517838437309E-007,.000234096253033583,-6.19779010966352E-006,1.51964866612107E-006,0,-.5,1,5.52459016393443,9.54962354551677
10134,1,-1E+036,-1E+036,-1E+036,-1E+036,-1E+036,.00445330252707088,-.000205208287765537,-1E+036,-1E+036,.0527507509553778,-.00207307126677776,.0572040534824487,-.0022782795545433,.00060148989430147,-2.92689580673756E-005,1.5974983661346E-006,.000614148918058715,-3.16704357446289E-005,3.09160015249832E-006,0,-.5,0,15.5245901639344,22.9650924024641
10136,3,8.80893895234273,8.95256288593022,-.342865658514186,5.62087033376858E-005,.00173319977529725,-.00418417883926699,.00018041495928792,.0079424585448853,-.0373514462972172,.0527507509553778,-.00207307126677776,.0485665721161108,-.00189265630748984,.00031633513388693,-1.52831116961519E-005,9.12253157243228E-007,.000312233184151908,-1.51715793644581E-005,2.21127373624827E-006,0,-.5,2,3.52459016393443,15.5181382614648
10138,4,2.08544594429991,.0652566332330662,-.548178173586585,-.345534712607207,-.345153282603493,.00264816514125271,-.00012850029762314,.0107077281370128,-.00298397895467819,.0527507509553778,-.00207307126677776,.0553989160966305,-.0022015715644009,.000304799919267407,-1.49459980293318E-005,9.06319627571651E-007,.00029826558784997,-1.64399838519022E-005,2.36183638407776E-006,0,-.5,0,5.52459016393443,17.3798767967146
10148,5,4.52716752541638,2.74153210279076,-.691616427821842,-.548294458233198,-.548435098132511,-.0289160107144619,.00139619882119864,-.0615752895399257,-.0103907542277826,.0527507509553778,-.00207307126677776,.0238347402409159,-.000676872445579117,.000205025445566693,-9.66814490985443E-006,6.29482109405097E-007,.00019508441052293,-7.41574703106265E-006,1.7346638055945E-006,0,-.5,1,10.5245901639344,13.3771389459274
10150,1,-1E+036,-1E+036,-1E+036,-1E+036,-1E+036,.00748379856296844,-.000352402162808785,-1E+036,-1E+036,.0527507509553778,-.00207307126677776,.0602345495183462,-.00242547342958654,.000560668350750915,-2.7209821259062E-005,1.49422778351904E-006,.000571446713724291,-2.88048645255388E-005,2.92121978428075E-006,0,-.5,1,2.52459016393443,20.5229295003422
10152,3,7.07300339341013,8.32091569648082,-.343974239184681,7.1173327866117E-006,.000540900645222938,.0298938543279461,-.00146747549057443,-.00691660772678267,-.0303247868184088,.0527507509553778,-.00207307126677776,.0826446052833239,-.00354054675735219,.000280470726674606,-1.33249493901662E-005,8.06754684707001E-007,.000275417367912381,-1.14225078056552E-005,1.93481255637684E-006,0,-.5,1,7.52459016393443,13.1416837782341
10153,4,2.22516035071146,.158240305467473,-.549114881109727,-.346472095626019,-1E+036,-.00298540727704017,.000144239235373269,-.0195717059382869,-.00358078136129002,.0527507509553778,-.00207307126677776,.0497653436783376,-.00192883203140449,.00021528222311197,-9.9527004641283E-006,6.32869212875712E-007,.00020704291338307,-6.12692103926627E-006,1.57931484477481E-006,0,-.5,1,12.5245901639344,11.0636550308008
10156,3,5.07014993359984,3.50572007685491,-.345900822038582,.000396234234609289,.000401902743940951,-.0253842139309641,.0012266968705885,-.0699240101073221,-.0135188587964491,.0475296035313658,.00224178270837577,.0221453896004017,.00346847957896427,.000281405532679764,-1.33701211354705E-005,8.08947432104833E-007,.000275619363781284,-1.11882743152271E-005,2.1916501373464E-006,1,.5,1,10.5245901639344,13.6098562628337
10160,1,-1E+036,-1E+036,-1E+036,-1E+036,-1E+036,-.0351520064836299,.00168961007510563,-1E+036,-1E+036,.0475296035313658,.00224178270837577,.0123775970477359,.0039313927834814,.000506914421962744,-2.44535777425552E-005,1.35362308836524E-006,.000515824237769205,-2.49059531443919E-005,2.95860275185465E-006,1,.5,0,-11.4754098360656,17.2210814510609
10161,3,11.0106630718769,10.3815968893887,-.345568819911207,1.44565194520537E-005,.000619657212514036,-.0148177369232828,.000696263062122307,.0414469237615636,-.0278493887377201,.0527507509553778,-.00207307126677776,.037933014032095,-.00137680820465545,.000355387313096566,-1.73654942605466E-005,1.02215465214991E-006,.000352365457378922,-1.88313559356455E-005,2.46871423007207E-006,0,-.5,1,11.5245901639344,18.0232717316906
10162,3,6.16085427748239,4.68806342205585,-.34313193795384,.00342169780679218,.00250696622651527,.0275139344580804,-.00130449394621345,.0289798952730115,.00658252514461051,.0527507509553778,-.00207307126677776,.0802646854134582,-.00337756521299121,.000359418667292772,-1.7578116012981E-005,1.03326414658792E-006,.000356511823920198,-1.91907954079005E-005,2.4933507858146E-006,0,-.5,2,14.5245901639344,18.3244353182752
10163,3,2.13093363971703,.0661654891937423,-.346444183735441,4.25874591033373E-005,.000757484771751404,-.000405578868609832,1.598349594902E-005,.0168351808955798,-.00360573660940839,.0527507509553778,-.00207307126677776,.052345172086768,-.00205708777082874,.000418021977174614,-2.06161915807156E-005,1.18932317952244E-006,.000416945900744743,-2.40575486289029E-005,2.81053239726556E-006,0,-.5,1,17.5245901639344,20.3203285420945
10167,2,-1E+036,-1E+036,.00196903212432229,-1E+036,-1E+036,.0155411123947027,-.000733883399808845,-.026081118479826,.0453398991341523,.0475296035313658,.00224178270837577,.0630707159260686,.00150789930856693,.000404222479102087,-1.95842018368612E-005,1.12272088353563E-006,.00040576729906073,-2.04677888349405E-005,2.78499315587955E-006,1,.5,0,-3.47540983606557,17.1115674195756
10169,3,2.48249955336039,.494745659495344,-.346127103958319,.000406215805716848,-1E+036,-.00985349775636718,.000484160328444824,.00316236831848564,.00609813402684887,.0527507509553778,-.00207307126677776,.0428972531990106,-.00158891093833293,.000263616547988061,-1.23802750487899E-005,7.54716852752924E-007,.000258133204870043,-9.4358373563642E-006,1.78151203847281E-006,0,-.5,2,-4.47540983606557,12.1752224503765
10170,1,-1E+036,-1E+036,-1E+036,-1E+036,-1E+036,.0138788532439053,-.000671908397115294,-1E+036,-1E+036,.0475296035313658,.00224178270837577,.0614084567752711,.00156987431126048,.000484088491489756,-2.32687043456884E-005,1.29242413581731E-006,.000491781099763223,-2.28883963765125E-005,2.81988336562973E-006,1,.5,1,-18.4754098360656,15.7180013689254
10173,5,5.29107514216399,3.74956236021876,-.689838789067984,-.54742250995097,-.546864291606472,-.020029597075563,.000990305377481418,.00174761760190492,.0195635669144994,.0527507509553778,-.00207307126677776,.0327211538798148,-.00108276588929634,.000207772413033171,-9.82847486147606E-006,6.38527724222392E-007,.000197860965882001,-7.79087036059894E-006,1.76388661639268E-006,0,-.5,1,7.52459016393443,13.2950034223135
10174,4,2.32409974337129,.342168584379695,-.548958098945596,-.34631925971115,-.345304399693242,.0012059937943261,-5.04718465841964E-005,-.0236415235246873,.00758199646713596,.0527507509553778,-.00207307126677776,.0539567447497039,-.00212354311336195,.000329938953341878,-1.62790278768695E-005,9.762159581891E-007,.000323984513367707,-1.87631149242563E-005,2.52242188409305E-006,0,-.5,0,20.5245901639344,18.5379876796715
10175,4,2.37549504015135,.385532586114305,-.54913770056703,-.346496579769205,-.346122473274481,.00231523159754337,-.000104972485381005,-.00241011697517862,.0072035906069412,.0527507509553778,-.00207307126677776,.0550659825529212,-.00217804375215876,.000275583151336636,-1.33708689573062E-005,8.22521855260603E-007,.000268417836144497,-1.35436676173313E-005,2.15496907515121E-006,0,-.5,1,8.52459016393443,15.9507186858316
10176,3,2.53827253078486,.501578701956539,-.346347977572243,9.43910785061594E-009,-1E+036,-.00771630662241991,.000369516028985181,-.0397157228014129,.009174705020091,.0475296035313658,.00224178270837577,.0398132969089459,.00261129873736095,.000369027016202872,-1.80764434079207E-005,1.0588794720246E-006,.000367066723818116,-2.06107215380523E-005,2.88335906316593E-006,1,.5,1,13.5245901639344,18.2696783025325
10177,3,-1E+036,-1E+036,-.34536572273518,.0003901393004209,.000628251732605509,-.0108815057405335,.000518782778895032,-.00913048757579236,-.0430673318691822,.0475296035313658,.00224178270837577,.0366480977908323,.0027605654872708,.000312847005277259,-1.50963226596631E-005,9.02431270319888E-007,.000308492006023778,-1.49483003622054E-005,2.48003121656221E-006,1,.5,0,19.5245901639344,16.37234770705
10180,2,-1E+036,-1E+036,2.08086738830362E-005,-1E+036,-1E+036,.00301872519042529,-.000142030325851123,-.0230370490081656,.00840395824845058,.0475296035313658,.00224178270837577,.0505483287217911,.00209975238252465,.000450726604751695,-2.20017730890717E-005,1.24751228730816E-006,.000454456478945032,-2.46456503007102E-005,3.0700868767175E-006,1,.5,1,13.5245901639344,19.7946611909651
10181,5,2.65482506430142,.540469062873758,-.692727629947971,-.548887632488035,-.548525846018229,-.0158470913269058,.000769607522464847,-.0285693799273183,-.00179149678941743,.0475296035313658,.00224178270837577,.03168251220446,.00301139023084062,.000199316629108063,-9.30371544551855E-006,6.07485831237147E-007,.000188086716734978,-5.82270846967246E-006,1.8744162135293E-006,1,.5,0,-6.47540983606557,12.0793976728268
10183,3,-1E+036,-1E+036,-.343239397697193,.00314608287942292,.00232745392316374,.011007272724899,-.000539793991913477,-.0351933264497194,-.0181485442189407,.0475296035313658,.00224178270837577,.0585368762562648,.0017019887164623,.00026892506574028,-1.26690167048451E-005,7.70308721838589E-007,.000262509897609392,-9.51882546304886E-006,2.0602757389598E-006,1,.5,1,-6.47540983606557,12.8459958932238
10184,3,5.54030721639818,3.86619706026614,-.345059749209383,1.2638012843731E-006,.00130755699593713,-.00668434217012103,.000303617918070415,-.071082582162615,-.0175587355191457,.0475296035313658,.00224178270837577,.0408452613612448,.00254540062644619,.000266094239717063,-1.25020032762802E-005,7.6058118378075E-007,.000259545326260603,-9.02648001363102E-006,2.01567233444982E-006,1,.5,1,-6.47540983606557,11.3894592744695
10185,3,2.84384171726217,.729158145344579,-.346295855181988,.00015574136426857,-1E+036,.0119226890777392,-.000568236069137184,.0508456748526196,-.00583257873432946,.0475296035313658,.00224178270837577,.059452292609105,.00167354663923859,.000434256042927968,-2.14054941442266E-005,1.22715404532109E-006,.000435171847977403,-2.61404919777964E-005,3.23439213416323E-006,1,.5,0,-6.47540983606557,20.0958247775496
10186,3,2.59568058664754,.506557077102229,-.344675799135054,.00176250629663089,.000925744998019062,.00564767082613486,-.00027940685163953,.0120826245805923,-.00769447729175025,.0475296035313658,.00224178270837577,.0531772743575007,.00196237585673624,.000316021859239214,-1.5260591454677E-005,9.10722040167418E-007,.000311835155407388,-1.52292993538068E-005,2.49607003975495E-006,1,.5,1,14.5245901639344,15.1184120465435
10187,5,3.05321409713611,.977963740034681,-.692410694211259,-.548574440677524,-.548785950691471,-.0199369460320803,.000953686575081664,-.0270322720831293,-.00320628812980243,.0475296035313658,.00224178270837577,.0275926574992855,.00319546928345744,.000233054928638844,-1.12669753988934E-005,7.1846659002446E-007,.000223091653285724,-1.10392305226649E-005,2.29786589186536E-006,1,.5,0,4.52459016393443,15.0636550308008
10188,3,3.86518884309349,1.8755858948802,-.346393168849288,1.04061976730167E-005,.000439730269457729,-.0130677034659752,.000619816615052239,-.0768103301566999,.0150048901876671,.0527507509553778,-.00207307126677776,.0396830474894026,-.00145325465172552,.000385944102501089,-1.89653729801978E-005,1.10515065596948E-006,.00038382620545802,-2.14728950712367E-005,2.64605957845275E-006,0,-.5,0,15.5245901639344,19.3538672142368
10189,2,-1E+036,-1E+036,7.67599612069953E-005,-1E+036,-1E+036,-.0172596413393685,.000811726329903196,-.100722613188542,.0152682708149707,.0527507509553778,-.00207307126677776,.0354911096160093,-.00126134493687456,.000467033233212367,-2.28419357361257E-005,1.29045914095262E-006,.000470520907735679,-2.53059445249507E-005,2.81417135059895E-006,0,-.5,1,-5.47540983606557,20.3121149897331
10192,3,-1E+036,-1E+036,-.346422472731814,2.43830913473849E-005,-1E+036,-.0151467004137974,.000720785051288678,-.00607937300409023,-.0135542274337086,.0475296035313658,.00224178270837577,.0323829031175685,.00296256775966445,.000335532763792183,-1.63119506206624E-005,9.66833816556167E-007,.000332159425845128,-1.73482759383572E-005,2.65476609934625E-006,1,.5,0,-6.47540983606557,17.1362080766598
10193,5,3.46189174924414,1.36982855248536,-.692003135129871,-.548976737407345,-.549159386746743,.0172958459091486,-.000847878135975339,.0150145685410926,-.0102876504948717,.0527507509553778,-.00207307126677776,.0700465968645264,-.0029209494027531,.00021492899040155,-1.02431878290953E-005,6.61883483178252E-007,.000205087579757313,-8.7456782318126E-006,1.83912569638108E-006,0,-.5,0,3.52459016393443,13.9055441478439
10194,3,-1E+036,-1E+036,-.34631792192508,.000166656826304694,-1E+036,-.0103516347848827,.000494727560655812,-.0337996018407663,.00801599860244068,.0475296035313658,.00224178270837577,.0371779687464831,.00273651026903158,.000348974726724892,-1.70250366741903E-005,1.00428708724543E-006,.00034616711700209,-1.87004302896473E-005,2.75135033003933E-006,1,.5,0,-5.47540983606557,17.8836413415469
10195,3,-1E+036,-1E+036,-.346532815986561,3.26491816769193E-005,-1E+036,-.0374886627341393,.00183453547268614,-.0879884873026053,-.00546108859176905,.0475296035313658,.00224178270837577,.0100409407972265,.00407631818106191,.000259887468947482,-1.21495596444192E-005,7.41119507167904E-007,.000252986634736318,-8.16810310774185E-006,1.95003655914304E-006,1,.5,1,-6.47540983606557,11.9425051334702
10196,1,-1E+036,-1E+036,-1E+036,-1E+036,-1E+036,.0369130100540513,-.00181742593556469,-1E+036,-1E+036,.0475296035313658,.00224178270837577,.0844426135854171,.00042435677281108,.00042387434965866,-2.00957136082775E-005,1.12611524203804E-006,.000428190794564801,-1.70150058404018E-005,2.39518682642533E-006,1,.5,1,-28.4754098360656,11.0636550308008
10198,1,-1E+036,-1E+036,-1E+036,-1E+036,-1E+036,.0169621406388705,-.000835442349481998,-1E+036,-1E+036,.0527507509553778,-.00207307126677776,.0697128915942483,-.00290851361625976,.00042083614537851,-1.99404379853596E-005,1.11819001099778E-006,.000425753135964012,-1.72678677797705E-005,2.14600554154341E-006,0,-.5,0,-2.47540983606557,10.9404517453799
10199,1,-1E+036,-1E+036,-1E+036,-1E+036,-1E+036,-.0199007567762935,.000970241388100296,-1E+036,-1E+036,.0475296035313658,.00224178270837577,.0276288467550724,.00321202409647607,.000459906819445007,-2.20032792762692E-005,1.22654329487815E-006,.000466282503860766,-2.06388738002522E-005,2.66089809161218E-006,1,.5,0,-10.4754098360656,14.0013689253936
10200,1,-1E+036,-1E+036,-1E+036,-1E+036,-1E+036,-.0364179794712568,.00176735656382454,-1E+036,-1E+036,.0475296035313658,.00224178270837577,.011111624060109,.00400913927220031,.000475951313383315,-2.2844092469502E-005,1.2703791724109E-006,.000483204740365223,-2.21452477244689E-005,2.76785994865556E-006,1,.5,1,-1.47540983606557,15.1567419575633
10201,5,4.37541139745888,2.69509224044998,-.691240790687733,-.548211941474375,-.545197615174233,.0186532604726261,-.000927110955195968,-.0357038305990444,-.0153120718893797,.0475296035313658,.00224178270837577,.0661828640039919,.0013146717531798,.000190216677714208,-8.71594483012753E-006,5.71796947367955E-007,.000178548350240928,-3.75703679342313E-006,1.69406830320283E-006,1,.5,1,17.5245901639344,10.6995208761123
10202,4,3.98068445335407,1.93487776982582,-.54861645066467,-.346398239038594,-.346305110366426,-.0245300815340388,.00118129178236441,-.0503176839518806,.01212398518497,.0475296035313658,.00224178270837577,.022999521997327,.00342307449074019,.000281478084158117,-1.36906590912001E-005,8.39674554667275E-007,.00027444648815381,-1.44279304422181E-005,2.50639194913188E-006,1,.5,1,19.5245901639344,16.498288843258
10204,2,-1E+036,-1E+036,.000231788000342403,-1E+036,-1E+036,.0106644057335329,-.000507584327961238,.114918409102575,-.0323036780686916,.0475296035313658,.00224178270837577,.0581940092648987,.00173419838041453,.000437107969843553,-2.1298646165039E-005,1.21146226141292E-006,.000440199506779099,-2.34651944511171E-005,2.99128405674505E-006,1,.5,0,12.5245901639344,19.1101984941821
10206,2,-1E+036,-1E+036,.00296075270790963,-1E+036,-1E+036,-.00852547683994755,.000414352454345233,-.175047168930633,.115247422253278,.0527507509553778,-.00207307126677776,.0442252741154303,-.00165871881243253,.000405518253185577,-1.965472560264E-005,1.12653201095905E-006,.00040677126357387,-2.02992314126012E-005,2.48663237616106E-006,0,-.5,0,4.52459016393443,17.6235455167693
10211,1,-1E+036,-1E+036,-1E+036,-1E+036,-1E+036,.000419173501622096,-2.05240000910254E-005,-1E+036,-1E+036,.0527507509553778,-.00207307126677776,.0531699244569999,-.00209359526686878,.000443564768215153,-2.11451579068886E-005,1.18170104670273E-006,.000449419750372613,-1.93590559920427E-005,2.29544230140807E-006,0,-.5,0,-16.4754098360656,12.8104038329911
10215,2,-1E+036,-1E+036,.0150584542055841,-1E+036,-1E+036,-.00526196516095838,.000230110275892295,-.260346284707168,-.129971793038954,.0475296035313658,.00224178270837577,.0422676383704075,.00247189298426807,.000350422200028083,-1.67250813667931E-005,9.72076095566357E-007,.000349314523769277,-1.50196138285055E-005,2.39079271252825E-006,1,.5,0,-11.4754098360656,13.8781656399726
10216,1,-1E+036,-1E+036,-1E+036,-1E+036,-1E+036,-.0218698129762523,.00104907586868419,-1E+036,-1E+036,.0527507509553778,-.00207307126677776,.0308809379791255,-.00102399539809357,.000512861265639301,-2.47611116318252E-005,1.36944559787651E-006,.000521579176699357,-2.51764073574575E-005,2.69082584504211E-006,0,-.5,0,11.5245901639344,17.6043805612594
10217,1,-1E+036,-1E+036,-1E+036,-1E+036,-1E+036,.0521913305553466,-.00255639113436419,-1E+036,-1E+036,.0527507509553778,-.00207307126677776,.104942081510724,-.00462946240114195,.000442168857009786,-2.10714617330324E-005,1.17783070117895E-006,.000447966469285313,-1.92337270364826E-005,2.28659662060544E-006,0,-.5,0,6.52459016393443,12.7008898015058
10220,2,-1E+036,-1E+036,.00181187785213883,-1E+036,-1E+036,-.00256660432962027,.000130071991422165,.399991034819292,.0800862366152958,.0475296035313658,.00224178270837577,.0449629992017456,.00237185469979794,.00031325112689925,-1.46872252851805E-005,8.61691237595663E-007,.000310082692669044,-1.05333783808683E-005,2.04375958467857E-006,1,.5,1,-15.4754098360656,11.1567419575633
10221,4,2.71581687904703,.676353792673535,-.548611541962072,-.346055212102785,-.345280496588152,.00549377650497746,-.000274722286037195,-.0124310078137117,-.00873045718291905,.0475296035313658,.00224178270837577,.0530233800363433,.00196706042233858,.000231967688032023,-1.09208387938627E-005,6.87582157588972E-007,.000222920224156012,-7.9571915902829E-006,2.0004662455426E-006,1,.5,1,-12.4754098360656,12.2628336755647
10222,1,-1E+036,-1E+036,-1E+036,-1E+036,-1E+036,.00814462408812675,-.000392569725848896,-1E+036,-1E+036,.0527507509553778,-.00207307126677776,.0608953750435045,-.00246564099262665,.00049819281619335,-2.40023282285264E-005,1.33038916497688E-006,.000506297573709137,-2.40041054215407E-005,2.61357702164358E-006,0,-.5,0,-10.4754098360656,16.6652977412731
10223,4,2.04097428717245,.0192174500974953,-.548932841896142,-.346207223531339,-.344915986758676,.0026591272333381,-.000131257692963339,-.000249321405827022,-.000902434064877708,.0475296035313658,.00224178270837577,.0501887307647039,.00211052501541243,.000212492261539333,-9.7272004523654E-006,6.17434937065934E-007,.000202404790532387,-4.21557348321272E-006,1.68089794949718E-006,1,.5,2,.524590163934434,9.45653661875428
10226,2,-1E+036,-1E+036,5.15494293989755E-008,-1E+036,-1E+036,-.0333270370494603,.00163938430927918,-.0575248154607947,.00223014148469543,.0527507509553778,-.00207307126677776,.0194237139059175,-.00043368695749858,.000307725385586372,-1.43950216733931E-005,8.46269966030002E-007,.000305652276299401,-1.07048221673176E-005,1.79036178320227E-006,0,-.5,0,9.52459016393443,8.4517453798768
10230,1,-1E+036,-1E+036,-1E+036,-1E+036,-1E+036,.000884196395692698,-4.31125036193026E-005,-1E+036,-1E+036,.0527507509553778,-.00207307126677776,.0536349473510705,-.00211618377039706,.000459006285641755,-2.19579910289756E-005,1.22426784768428E-006,.000465495144389803,-2.07213158458391E-005,2.39069998233701E-006,0,-.5,1,.524590163934434,13.9739904175222
10235,1,-1E+036,-1E+036,-1E+036,-1E+036,-1E+036,.0104739829011269,-.000514798393623782,-1E+036,-1E+036,.0527507509553778,-.00207307126677776,.0632247338565047,-.00258786966040154,.000428991201296594,-2.03738963181995E-005,1.14110199278449E-006,.000434245926444865,-1.80311291269649E-005,2.20100641606572E-006,0,-.5,0,1.52459016393443,11.6358658453114
10241,6,2.27401050032129,.159410622041245,-.803691935349783,-.692298002841518,-.692254356471257,-.00587759483835103,.000276943805207383,-.00740051045126938,-.00202901552279802,.0527507509553778,-.00207307126677776,.0468731561170268,-.00179612746157038,.000206071023808373,-9.95769880844908E-006,6.54728090205482E-007,.000194719514052495,-9.49848793429909E-006,1.93210302602298E-006,0,-.5,0,.524590163934434,14.6365503080082
10248,3,-1E+036,-1E+036,-.344321673552411,8.24339485493201E-011,.000787850099522691,.0065549821440862,-.000303173921648936,-.0411525532507749,.046402170399484,.0475296035313658,.00224178270837577,.054084585675452,.00193860878672684,.000329652116045686,-1.59984341455618E-005,9.50296674366518E-007,.000326027883831327,-1.67418262650676E-005,2.61103592361262E-006,1,.5,0,4.52459016393443,16.8596851471595
10252,5,3.28794323253452,1.21822313104164,-.688271599327215,-.544605530645641,-.545092367809273,-.0146385144521703,.00069892476250069,-.0370813242775073,-.00685292698398498,.0475296035313658,.00224178270837577,.0328910890791955,.00294070747087646,.000203251752770236,-9.54222528647387E-006,6.21276105958159E-007,.000192196221019543,-6.52618828342941E-006,1.93148469376212E-006,1,.5,1,-15.4754098360656,11.6495550992471
10253,2,-1E+036,-1E+036,4.96975379142592E-006,-1E+036,-1E+036,-.0101387242782338,.00049187044690423,-.0191800626647217,.00113972397768419,.0527507509553778,-.00207307126677776,.042612026677144,-.00158120081987353,.000359650664767642,-1.72159876831535E-005,9.97821328946633E-007,.000359386494062577,-1.60686775239911E-005,2.18631780280118E-006,0,-.5,1,-14.4754098360656,13.223819301848
10256,4,3.55510616547367,1.39086535821353,-.54671703436923,-.34493575424586,-.34595992271102,.00448321479108218,-.000229876316865588,-.028184339200154,-.0122978754039968,.0527507509553778,-.00207307126677776,.05723396574646,-.00230294758364335,.000225876593687102,-1.05810270336475E-005,6.68919203761113E-007,.000217801279197971,-7.68354822869912E-006,1.70579960344714E-006,0,-.5,1,-4.47540983606557,11.5783709787817
10260,1,-1E+036,-1E+036,-1E+036,-1E+036,-1E+036,.0107110475179542,-.000515345102311639,-1E+036,-1E+036,.0475296035313658,.00224178270837577,.05824065104932,.00172643760606413,.000503890298894671,-2.42971152354018E-005,1.34556826357503E-006,.000512639801976331,-2.4644034043732E-005,2.94080554485551E-006,1,.5,1,1.52459016393443,17.0266940451745
10261,1,-1E+036,-1E+036,-1E+036,-1E+036,-1E+036,-.00137998957037987,6.62413589553211E-005,-1E+036,-1E+036,.0527507509553778,-.00207307126677776,.0513707613849979,-.00200682990782244,.000510867535254031,-2.4658181263104E-005,1.36415805070106E-006,.000519501712766292,-2.50187503104302E-005,2.6805116050902E-006,0,-.5,1,6.52459016393443,17.4784394250513
10263,2,-1E+036,-1E+036,.000149771911037221,-1E+036,-1E+036,.0125387791346546,-.000587501477640488,-.07203484263609,.024758984149076,.0527507509553778,-.00207307126677776,.0652895300900324,-.00266057274441825,.000461038373256099,-2.25349536262481E-005,1.27485630193366E-006,.000464297202817685,-2.48435599268311E-005,2.78513252086093E-006,0,-.5,0,-.475409836065566,20.1724845995893
10269,1,-1E+036,-1E+036,-1E+036,-1E+036,-1E+036,-.00109696407672951,4.8947881354926E-005,-1E+036,-1E+036,.0527507509553778,-.00207307126677776,.0516537868786483,-.00202412338542283,.000641517939773071,-3.12530614216255E-005,1.69515546821751E-006,.000656207440076535,-3.42364016345542E-005,3.2304288773717E-006,0,-.5,1,-10.4754098360656,25.4674880219028
10273,1,-1E+036,-1E+036,-1E+036,-1E+036,-1E+036,.00582744669524396,-.000285366313511968,-1E+036,-1E+036,.0475296035313658,.00224178270837577,.0533570502266098,.0019564163948638,.000443980384346315,-2.11636493580179E-005,1.18251544082271E-006,.000449464224647805,-1.90829931324983E-005,2.54829121984839E-006,1,.5,0,-10.4754098360656,12.7720739219713
10278,1,-1E+036,-1E+036,-1E+036,-1E+036,-1E+036,.013645802747846,-.00063503398286565,-1E+036,-1E+036,.0475296035313658,.00224178270837577,.0611754062792118,.00160674872551012,.000585159034858559,-2.84469517108168E-005,1.55638690828815E-006,.000598214928423409,-3.11711022175043E-005,3.3627673178275E-006,1,.5,1,-7.47540983606557,21.9520876112252
10279,1,-1E+036,-1E+036,-1E+036,-1E+036,-1E+036,.00211577450157601,-9.75397258907574E-005,-1E+036,-1E+036,.0527507509553778,-.00207307126677776,.0548665254569538,-.00217061099266852,.000600761879696285,-2.92325226455084E-005,1.59568625812502E-006,.000613385978657245,-3.16213457328616E-005,3.08879322482316E-006,0,-.5,0,.524590163934434,22.92128678987
10280,1,-1E+036,-1E+036,-1E+036,-1E+036,-1E+036,-.0364137948557584,.00179775587343625,-1E+036,-1E+036,.0527507509553778,-.00207307126677776,.0163369560996194,-.000275315393341506,.000411531799712605,-1.94441171130004E-005,1.09186597600338E-006,.000416060976815497,-1.63771679941753E-005,2.08113680445799E-006,0,-.5,1,-8.47540983606557,8.99383983572895
10281,1,-1E+036,-1E+036,-1E+036,-1E+036,-1E+036,-7.50570804490423E-006,3.69025408768909E-007,-1E+036,-1E+036,.0475296035313658,.00224178270837577,.0475220978233209,.00224215173378454,.000429145433132276,-2.0376619982312E-005,1.14099706910248E-006,.000433773386652055,-1.75698351059253E-005,2.43665771876716E-006,1,.5,1,-10.4754098360656,11.5318275154004
10288,3,3.20649975286104,1.1517719582423,-.34600066449796,.000465457392875443,-1E+036,.0187748105690347,-.000898082636040735,.0498767816346277,-.00739850216661406,.0475296035313658,.00224178270837577,.0663044141004005,.00134370007233504,.000359931573751331,-1.75939096712116E-005,1.03345089025834E-006,.000357618631975804,-1.97028929729518E-005,2.81698556052765E-006,1,.5,1,10.5245901639344,17.1088295687885
10297,1,-1E+036,-1E+036,-1E+036,-1E+036,-1E+036,.0129458962846595,-.000576695667732921,-1E+036,-1E+036,.0475296035313658,.00224178270837577,.0604754998160254,.00166508704064285,.000644261994850957,-3.13824415227881E-005,1.701237586686E-006,.000660636566636779,-3.52235359470258E-005,3.59097801210177E-006,1,.5,1,6.52459016393443,25.5715263518138
10300,3,-1E+036,-1E+036,-.346076973828955,.000127827792097708,.000611728747084826,-.00702998789639127,.000338754089182803,-.0775241498045198,-.0213653653028636,.0475296035313658,.00224178270837577,.0404996156349746,.00258053679755858,.000268418156334096,-1.26398939543113E-005,7.68665671284346E-007,.000261977395759121,-9.44258263838378E-006,2.05390395012332E-006,1,.5,1,-.475409836065566,12.6926762491444
10305,1,-1E+036,-1E+036,-1E+036,-1E+036,-1E+036,-.030226335797764,.00145071259927499,-1E+036,-1E+036,.0527507509553778,-.00207307126677776,.0225244151576138,-.000622358667502767,.000511262521183575,-2.46785782874378E-005,1.36520611218853E-006,.000519913276823688,-2.50500258544073E-005,2.68255958221247E-006,0,-.5,1,5.52459016393443,17.5030800821355
10311,5,2.17748725857983,.0992665087861251,-.691121473696078,-.547289125561553,-.545476102662274,.005640738694407,-.000260048326324802,.00306772573162732,.000815277676890085,.0527507509553778,-.00207307126677776,.0583914896497848,-.00233311959310256,.000351438861691086,-1.75737986765035E-005,1.05015204673834E-006,.000343973195973472,-2.22853035473006E-005,2.79849628801411E-006,0,-.5,0,-11.4754098360656,20.1916495550992
10315,4,2.77877776277347,.699733992895163,-.548565536510286,-.345839634948996,-1E+036,.016949551228084,-.000801770655452201,.028567741092989,-.00119634582231118,.0475296035313658,.00224178270837577,.0644791547594498,.00144001205292357,.000325823690748091,-1.60475814337189E-005,9.63370563819748E-007,.000320475979838569,-1.90111590921932E-005,2.83128592558267E-006,1,.5,1,-11.4754098360656,17.9055441478439
10316,4,4.8717888772411,3.40951991013398,-.541781577021487,-.339891541231247,-.343712902804546,.0262455734817176,-.00124407816079891,.129080196409051,-.0211383968617687,.0475296035313658,.00224178270837577,.0737751770130834,.000997704547576863,.000357143170097696,-1.76918712699759E-005,1.04897540581683E-006,.000352896892814052,-2.20400604085944E-005,3.04477980971054E-006,1,.5,1,-13.4754098360656,19.6769336071184
10329,4,3.65304273701935,1.51306721062637,-.548279431606868,-.345951656145038,-.346192892095785,.0123501393999577,-.000600580087521051,.0329664498869093,-.0149859479229817,.0475296035313658,.00224178270837577,.0598797429313236,.00164120262085472,.00027845990856324,-1.35267247083433E-005,8.30895243225853E-007,.000271313518466259,-1.40851200373745E-005,2.48087456162066E-006,1,.5,0,3.52459016393443,16.2710472279261
10330,1,-1E+036,-1E+036,-1E+036,-1E+036,-1E+036,-.0177239636403916,.000812034454042266,-1E+036,-1E+036,.0527507509553778,-.00207307126677776,.0350267873149862,-.00126103681273549,.000610179037899215,-2.97029436588309E-005,1.61903536319655E-006,.000623259655406067,-3.22502091183097E-005,3.12439090875859E-006,0,-.5,0,17.5245901639344,23.4934976043806
10331,1,-1E+036,-1E+036,-1E+036,-1E+036,-1E+036,.00177040156817293,-8.18386195867416E-005,-1E+036,-1E+036,.0527507509553778,-.00207307126677776,.0545211525235507,-.0021549098863645,.000596366506930942,-2.90123081170653E-005,1.58472133202497E-006,.000608780980023141,-3.13233246322356E-005,3.07165667408158E-006,0,-.5,0,5.52459016393443,22.6557152635181
10333,4,3.12834236931534,.983111014008831,-.547815698427511,-.3454757038942,-1E+036,.00671559795996417,-.000329885305791595,.0594303520499172,-.0112140160021475,.0475296035313658,.00224178270837577,.05424520149133,.00191189740258418,.000361623173298381,-1.79149314032084E-005,1.05988354787549E-006,.000357577602181507,-2.23986446031213E-005,3.06449187690549E-006,1,.5,0,-1.47540983606557,19.3264887063655
10335,5,5.82608827916336,4.00099270647932,-.689746260402578,-.548084106985249,-1E+036,.00655189525839969,-.000338165329323624,-.0868260108220944,-.0199614565630139,.0527507509553778,-.00207307126677776,.0593026462137775,-.00241123659610138,.000183353225216917,-8.32215061831824E-006,5.49690458812154E-007,.000173363478717455,-3.68483839128489E-006,1.41934730375604E-006,0,-.5,1,-13.4754098360656,10.0177960301164
10336,1,-1E+036,-1E+036,-1E+036,-1E+036,-1E+036,.013627109018141,-.000666605366150242,-1E+036,-1E+036,.0527507509553778,-.00207307126677776,.0663778599735188,-.002739676632928,.000447046797392226,-2.13288300926054E-005,1.19133899988752E-006,.000453044811810652,-1.96700539628125E-005,2.31733258908765E-006,0,-.5,0,-9.47540983606557,13.07871321013
10339,1,-1E+036,-1E+036,-1E+036,-1E+036,-1E+036,.0165325145149649,-.000812528613367296,-1E+036,-1E+036,.0527507509553778,-.00207307126677776,.0692832654703427,-.00288559988014505,.000429218909682367,-2.03859795567978E-005,1.14173969265157E-006,.000434483041953613,-1.80522230049265E-005,2.2025188902943E-006,0,-.5,0,-11.4754098360656,11.6550308008214
10343,3,-1E+036,-1E+036,-.345176269323807,2.32380629694922E-007,.000543904019927991,-.0272332860966039,.00132191944573011,-.149053871249533,-.0314574798606867,.0527507509553778,-.00207307126677776,.0255174648587739,-.000751151821047646,.000264882210358215,-1.24532157333148E-005,7.58859145109349E-007,.000259422612794414,-9.60624208011482E-006,1.79576647935572E-006,0,-.5,1,-3.47540983606557,12.4271047227926
10344,4,2.98088673366455,.968821515446098,-.548165708129003,-.345436821347042,-.344895670996811,.0199101524476512,-.000945972666587266,.0271627213468627,.00119855786260284,.0527507509553778,-.00207307126677776,.072660903403029,-.00301904393336502,.000297738632110757,-1.4565576208969E-005,8.86042497594283E-007,.000291062433711711,-1.57457454174419E-005,2.31155693645964E-006,0,-.5,1,-4.47540983606557,16.4188911704312
10345,1,-1E+036,-1E+036,-1E+036,-1E+036,-1E+036,.0117594393723548,-.000580661225362938,-1E+036,-1E+036,.0527507509553778,-.00207307126677776,.0645101903277326,-.0026537324921407,.000410883347993331,-1.94094526878526E-005,1.09002372235856E-006,.000415385376084411,-1.63142433017158E-005,2.07652563057942E-006,0,-.5,1,.524590163934434,10.0451745379877
10357,1,-1E+036,-1E+036,-1E+036,-1E+036,-1E+036,.00479559457099395,-.000226422391192713,-1E+036,-1E+036,.0475296035313658,.00224178270837577,.0523251981023598,.00201536031718306,.000554848362136129,-2.69127888072614E-005,1.47915607230948E-006,.000566287564300235,-2.88577809471985E-005,3.21884313455864E-006,1,.5,1,-19.4754098360656,20.1587953456537
10358,3,4.69183147013413,3.25008988790942,-.345891435958692,.00044225870748483,.000122397155633872,-.0281120267369397,.00128866673593142,-.127864491821422,.011418630997624,.0475296035313658,.00224178270837577,.0194175767944261,.0035304494443072,.000483198463911561,-2.39063685672158E-005,1.3543118899125E-006,.000486047073791118,-3.02549090794398E-005,3.50732893003659E-006,1,.5,0,19.5245901639344,22.5023956194387
10359,5,3.75620682341117,1.83297168992218,-.692715700749661,-.548886089993393,-.545430585978771,.0256374817906299,-.00118462017958354,.0301572813251797,.000627894613411044,.0527507509553778,-.00207307126677776,.0783882327460077,-.0032576914463613,.000358806839355642,-1.79522885502764E-005,1.06941012616067E-006,.000351508801233536,-2.28971528340849E-005,2.83783346017276E-006,0,-.5,0,25.5245901639344,20.3477070499658
10361,1,-1E+036,-1E+036,-1E+036,-1E+036,-1E+036,-.0021347007625511,.00010505147574555,-1E+036,-1E+036,.0475296035313658,.00224178270837577,.0453949027688147,.00234683418412132,.000425700948364868,-2.01931359617611E-005,1.13128041584311E-006,.000430125836643998,-1.72083790534732E-005,2.40967396451678E-006,1,.5,1,28.5245901639344,11.2279260780287
10365,3,-1E+036,-1E+036,-.346317721684317,.000201140124199208,-1E+036,-.0105124718056514,.000517019928054028,.0196573594550453,.00908556817949586,.0527507509553778,-.00207307126677776,.0422382791497264,-.00155605133872373,.000254922932554517,-1.18847470924876E-005,7.27079584764785E-007,.000249214236384823,-8.33375257104438E-006,1.69498143123327E-006,0,-.5,1,12.5245901639344,11.5071868583162
10368,4,6.56465953864538,5.78811940562468,-.54643265851245,-.345513490098611,-.343760142778845,.0364307649915419,-.00175191600116719,.100298068653993,-.0254163169530864,.0527507509553778,-.00207307126677776,.0891815159469197,-.00382498726794494,.000294787647449563,-1.44120203854225E-005,8.78224187217663E-007,.000288018234038869,-1.54894989663921E-005,2.29605403340123E-006,0,-.5,1,-6.47540983606557,17.1635865845311
10370,4,4.23469337646826,2.5176697428536,-.546726953620579,-.344702842573496,-.34525956182163,-.0210325899401344,.00104398599201851,.0281627839678967,.013853757170277,.0527507509553778,-.00207307126677776,.0317181610152434,-.00102908527475924,.000212479387965579,-9.78014526576495E-006,6.22627414101449E-007,.000204215092547664,-5.64514202068911E-006,1.5374972386646E-006,0,-.5,1,-8.47540983606557,10.2505133470226
10385,5,4.10352108296603,2.45990646255701,-.688922937283397,-.546995453048507,-.545124843996307,-.00144097853827105,4.22472253053261E-005,.0592960722488885,-.0167047409207831,.0527507509553778,-.00207307126677776,.0513097724171068,-.00203082404147243,.00030237863222421,-1.5019775425049E-005,9.18598829099832E-007,.000293885111629954,-1.80015102965467E-005,2.51445626392375E-006,0,-.5,1,4.52459016393443,18.4585900068446
10406,2,-1E+036,-1E+036,.00950687084136695,-1E+036,-1E+036,.0995292037910112,-.00477425192487377,.199729448236421,.109403231536639,.0475296035313658,.00224178270837577,.147058807322377,-.00253246921649799,.00038110968773831,-1.83660602665135E-005,1.05903428825425E-006,.000381539250760768,-1.82339475967559E-005,2.62690083319446E-006,1,.5,1,5.52459016393443,15.9096509240246
10408,4,2.91115671955192,.779526820667655,-.548879565051551,-.346525815784506,-.346228945239628,-.014017245954651,.000684504757030838,-.0126552562253169,.00795662432007432,.0475296035313658,.00224178270837577,.0335123575767149,.00292628746540661,.000246245175435649,-1.1741672422645E-005,7.33639180714504E-007,.000237823879926573,-1.00647824347934E-005,2.17089681516124E-006,1,.5,0,-3.47540983606557,13.927446954141
10409,2,-1E+036,-1E+036,.000260891716734797,-1E+036,-1E+036,.0131971632096731,-.000625844491247901,.0161583684543249,.00817359446763968,.0475296035313658,.00224178270837577,.0607267667410389,.00161593821712787,.000405977347015041,-1.96723561187996E-005,1.12706945969452E-006,.000407622431244485,-2.05981314671874E-005,2.79183678920001E-006,1,.5,0,5.52459016393443,16.6269678302533
10451,2,-1E+036,-1E+036,.000110553002132856,-1E+036,-1E+036,.0191539559823399,-.000925601615370491,.0313988758635914,-.0194961595024529,.0527507509553778,-.00207307126677776,.0719047069377177,-.00299867288214825,.000373572111378432,-1.79682626374848E-005,1.03821788321114E-006,.000373721789487194,-1.74578284059542E-005,2.29037722397575E-006,0,-.5,0,14.5245901639344,15.8631074606434
10470,2,-1E+036,-1E+036,.000548418040223141,-1E+036,-1E+036,.00827325834363129,-.000398077647382932,.0988410981783151,-.0451442552358483,.0475296035313658,.00224178270837577,.0558028618749971,.00184370506099284,.000414685331464068,-2.01331050678111E-005,1.15131441061344E-006,.000416720820967952,-2.14527423816345E-005,2.85420236432195E-006,1,.5,0,-22.4754098360656,18.009582477755
10472,2,-1E+036,-1E+036,2.12309093046004E-005,-1E+036,-1E+036,.00291186310196885,-.000143600160653743,-.0495816855518695,-.0111975650213008,.0475296035313658,.00224178270837577,.0504414666333347,.00209818254772203,.000314137392335736,-1.4736806638813E-005,8.64424004017412E-007,.000311022486104788,-1.06530407608716E-005,2.05335370875123E-006,1,.5,1,5.52459016393443,11.2525667351129
10477,1,-1E+036,-1E+036,-1E+036,-1E+036,-1E+036,-.0194850663735109,.000961630791079667,-1E+036,-1E+036,.0475296035313658,.00224178270837577,.0280445371578549,.00320341349945544,.000415000842243416,-1.96211819353416E-005,1.10089382091046E-006,.000418782205282225,-1.60576595444643E-005,2.32292866808953E-006,1,.5,1,-2.47540983606557,10.2368240930869
10479,2,-1E+036,-1E+036,.000782938750829843,-1E+036,-1E+036,.0139775256893834,-.000696220720431389,-.0872809222446885,-.0207305541746902,.0475296035313658,.00224178270837577,.0615071292207493,.00154556198794438,.000308611366876731,-1.44245864518622E-005,8.4703015741205E-007,.000305159523490395,-9.8591422344022E-006,1.98774819304759E-006,1,.5,0,-4.47540983606557,9.67556468172485
10480,1,-1E+036,-1E+036,-1E+036,-1E+036,-1E+036,-.0209615389755023,.00102289979597919,-1E+036,-1E+036,.0475296035313658,.00224178270837577,.0265680645558635,.00326468250435496,.000456623559393836,-2.18306102575257E-005,1.21751027205106E-006,.000462817286891813,-2.03233706673661E-005,2.6382393300588E-006,1,.5,0,-10.4754098360656,13.7549623545517
10483,2,-1E+036,-1E+036,7.90818626517476E-005,-1E+036,-1E+036,.00471061170962275,-.000229080191080261,-.0047311699831117,-.0178987369337279,.0475296035313658,.00224178270837577,.0522402152409886,.00201270251729551,.000367149931117261,-1.76241491167926E-005,1.01995452356283E-006,.000366887633930989,-1.68216526713803E-005,2.52500350796752E-006,1,.5,0,13.5245901639344,15.3730321697467
10486,1,-1E+036,-1E+036,-1E+036,-1E+036,-1E+036,.00728012220377949,-.000358291358062615,-1E+036,-1E+036,.0527507509553778,-.00207307126677776,.0600308731591573,-.00243136262484037,.000423875056588791,-2.01021269947197E-005,1.12674492949593E-006,.000428918104040238,-1.75541025919883E-005,2.16669438688641E-006,0,-.5,1,-13.4754098360656,11.2032854209446
10489,2,-1E+036,-1E+036,8.61356381606118E-006,-1E+036,-1E+036,-.0377079821382665,.00180353810048605,-.0712006501460366,-.00496558781278412,.0475296035313658,.00224178270837577,.00982162139309934,.00404532080886182,.000402135602641517,-1.94740250210676E-005,1.1169420119547E-006,.000403583804131674,-2.02647888845765E-005,2.77038611287732E-006,1,.5,0,14.5245901639344,16.8678986995209
10492,1,-1E+036,-1E+036,-1E+036,-1E+036,-1E+036,-.0201703449827337,.000993590853565467,-1E+036,-1E+036,.0475296035313658,.00224178270837577,.0273592585486322,.00323537356194124,.000422004316019781,-1.99958852986633E-005,1.12081807260492E-006,.00042620916656498,-1.68157745775487E-005,2.38022312800234E-006,1,.5,0,-12.4754098360656,10.8939082819986
10500,3,-1E+036,-1E+036,-.346122220678487,.000367075801180536,6.2339164454291E-005,-.0113514219331014,.000553887851373192,-.00200766639612433,.010007576414834,.0527507509553778,-.00207307126677776,.0413993290222764,-.00151918341540457,.000282584955219287,-1.34435240665791E-005,8.13322978833353E-007,.000277577141070665,-1.16724781870104E-005,1.95467282420953E-006,0,-.5,2,-24.4754098360656,13.8179329226557
10527,2,-1E+036,-1E+036,.000757351805732988,-1E+036,-1E+036,.00351288614977487,-.000171131567341092,.410118393507439,.0595479146905766,.0527507509553778,-.00207307126677776,.0562636371051527,-.00224420283411885,.000294960442525873,-1.36806023424739E-005,8.06901838028449E-007,.000292432875771382,-9.17502879450409E-006,1.67109859053933E-006,0,-.5,0,-11.4754098360656,9.492128678987
10529,3,-1E+036,-1E+036,-.345748154980474,.000513601036212427,.00042470821131187,.0044740808633786,-.000211479367215965,.0108547439224645,.0208337281270364,.0527507509553778,-.00207307126677776,.0572248318187564,-.00228455063399372,.000306314942785418,-1.47440111356032E-005,8.83630773088187E-007,.000301926631522948,-1.41924920589736E-005,2.14199349785797E-006,0,-.5,1,-8.47540983606557,15.605749486653
10542,1,-1E+036,-1E+036,-1E+036,-1E+036,-1E+036,-.0166933470853133,.000825699263877094,-1E+036,-1E+036,.0527507509553778,-.00207307126677776,.0360574038700645,-.00124737200290066,.000404133786597634,-1.90480362819987E-005,1.07078598208025E-006,.000408352111880384,-1.56522162968115E-005,2.02777952790933E-006,0,-.5,0,12.5245901639344,9.40451745379877
10686,1,-1E+036,-1E+036,-1E+036,-1E+036,-1E+036,-.000791284320263393,3.81064592116788E-005,-1E+036,-1E+036,.0527507509553778,-.00207307126677776,.0519594666351144,-.00203496480756608,.000500938534369167,-2.41446247946361E-005,1.33772716954797E-006,.000509157586893619,-2.42257453701732E-005,2.62827923837425E-006,0,-.5,1,-23.4754098360656,16.8432580424367
10699,2,-1E+036,-1E+036,.000285572374580741,-1E+036,-1E+036,-.00014750044387438,4.32091222854716E-006,.004014023819227,-.0194435423551191,.0527507509553778,-.00207307126677776,.0526032505115034,-.00206875035454921,.000384283043750623,-1.85355399547587E-005,1.06800383701199E-006,.000384804829043142,-1.84261265358938E-005,2.35765971899276E-006,0,-.5,1,-.475409836065566,16.1916495550992
10717,1,-1E+036,-1E+036,-1E+036,-1E+036,-1E+036,-.0118826518505231,.000584345553515087,-1E+036,-1E+036,.0527507509553778,-.00207307126677776,.0408680991048547,-.00148872571326267,.000426930271919145,-2.02644855061757E-005,1.13532532785469E-006,.000432099802993721,-1.78396866940667E-005,2.18726111345488E-006,0,-.5,1,-5.47540983606557,11.4633812457221
10807,1,-1E+036,-1E+036,-1E+036,-1E+036,-1E+036,.00560982918580119,-.000275978284923211,-1E+036,-1E+036,.0527507509553778,-.00207307126677776,.058360580141179,-.00234904955170097,.00042541983740642,-2.01842433876048E-005,1.13108588865846E-006,.000430526867072679,-1.76987692298902E-005,2.17712208497171E-006,0,-.5,1,-8.47540983606557,11.3347022587269
10816,1,-1E+036,-1E+036,-1E+036,-1E+036,-1E+036,.00609065729712211,-.000289978054778644,-1E+036,-1E+036,.0475296035313658,.00224178270837577,.0536202608284879,.00195180465359713,.00053400878971907,-2.58484567838644E-005,1.42507619079944E-006,.000544348494982521,-2.71845601891318E-005,3.11063943137933E-006,1,.5,1,-5.47540983606557,18.9065540788906
10820,1,-1E+036,-1E+036,-1E+036,-1E+036,-1E+036,.00663910392511908,-.000322676721813545,-1E+036,-1E+036,.0527507509553778,-.00207307126677776,.0593898548804969,-.0023957479885913,.00047046824716242,-2.25586156403892E-005,1.25558289435409E-006,.000477427760085907,-2.17058979725655E-005,2.45853920833571E-006,0,-.5,1,12.5245901639344,14.7953456536619
10825,1,-1E+036,-1E+036,-1E+036,-1E+036,-1E+036,-.0108467653205378,.000523271726404177,-1E+036,-1E+036,.0475296035313658,.00224178270837577,.036682838210828,.00276505443477995,.000495529137903338,-2.38637078064021E-005,1.32321409000628E-006,.000503834080149946,-2.39114992031142E-005,2.89069276406302E-006,1,.5,1,-4.47540983606557,16.4830754239866
10869,1,-1E+036,-1E+036,-1E+036,-1E+036,-1E+036,.0122477875724549,-.000593550696369935,-1E+036,-1E+036,.0527507509553778,-.00207307126677776,.0649985385278327,-.00266662196314769,.000480447668257792,-2.30797370701109E-005,1.28266000632697E-006,.000487817915360645,-2.25461731966602E-005,2.51576593983789E-006,0,-.5,1,-18.4754098360656,15.4852840520192
10878,1,-1E+036,-1E+036,-1E+036,-1E+036,-1E+036,.0119432992631437,-.000579727246320936,-1E+036,-1E+036,.0527507509553778,-.00207307126677776,.0646940502185215,-.00265279851309869,.000474942585788859,-2.27924698740132E-005,1.26774437308588E-006,.000482086103265107,-2.20845296468965E-005,2.48440236447027E-006,0,-.5,1,4.52459016393443,15.1074606433949
