l2id,nj,chipct,mdist,lntotvar,olsrsvar,mdrsvar,ebintrcp,ebagec,ebagecsq,olintrcp,olagec,olagecsq,fvintrcp,fvagec,fvagecsq,ecintrcp,ecagec,ecagecsq,pv00,pv10,pv11,pv20,pv21,pv22,pvc00,pvc10,pvc11,pvc20,pvc21,pvc22
10124,2,-1E+036,-1E+036,.000538150524702965,-1E+036,-1E+036,-.0156933835063452,.000361232659322097,.000350232655574556,-1E+036,-1E+036,-1E+036,.0466530398788307,-.00024342858888023,.000313711105005685,.0309596563724855,.000117804070441867,.000663943760580241,.000364335613595484,3.21717215286216E-005,1.0139399835244E-005,-1.12703100489512E-005,-1.39680185047523E-006,4.41395645133822E-007,.000367466792213388,3.32566303632117E-005,1.03673804024102E-005,-1.14834546488826E-005,-1.42020180395706E-006,4.6073029725454E-007
10125,3,-1E+036,-1E+036,-.346307110512266,-1E+036,-1E+036,-.0111646177028386,-.00165633663351536,.000343211386181647,.0197773224068183,-.0400574550375646,.00713214329133232,.0466530398788307,-.00024342858888023,.000313711105005685,.0354884221759921,-.00189976522239559,.000656922491187332,.000170780038012086,-6.86124685213406E-006,1.04506105515214E-005,-3.87308762195127E-006,-5.66995256565876E-007,2.10528923009405E-007,.000167048811824093,-7.57790807685901E-006,1.0708097398714E-005,-3.79659759861002E-006,-5.63680530095776E-007,2.21738770878514E-007
10128,4,9.03521339128305,7.07337942610121,-.547947039882279,2.19069067500311E-006,2.87235269808001E-005,.0163337546196309,.00407543409271149,-.000505517610080117,-.118095906502144,.0770561025925778,-.00856432646120666,.0466530398788307,-.00024342858888023,.000313711105005685,.0629867944984616,.00383200550383126,-.000191806505074432,.000213694933345137,-1.3651000337157E-005,8.84838080826279E-006,-4.71874121068152E-006,-3.65731398688807E-007,2.250737360196E-007,.000211917082564867,-1.47346780656284E-005,8.98699924462471E-006,-4.72523955377597E-006,-3.61445447861476E-007,2.39451493646687E-007
10129,3,-1E+036,-1E+036,-.34545895183958,-1E+036,-1E+036,-.0150053194822542,-.00149991057792089,.000474273478284893,-.0371039408278092,.025912568667019,.0309989622084187,.0466530398788307,-.00024342858888023,.000313711105005685,.0316477203965765,-.00174333916680112,.000787984583290578,.000157205590534279,1.12314758704489E-005,1.18342926801402E-005,-4.60341179031771E-006,-1.04832104398174E-006,2.54562941667695E-007,.000152571983967251,1.1422683581507E-005,1.21763275534179E-005,-4.51886223610859E-006,-1.06310427198533E-006,2.65457825587081E-007
10132,3,-1E+036,-1E+036,-.34632151517038,-1E+036,-1E+036,-.0243406510822114,-.00222015853387815,.000683380481882982,-.141889464894594,.0739130664377071,-.0105638779008682,.0466530398788307,-.00024342858888023,.000313711105005685,.0223123887966193,-.00246358712275838,.000997091586888668,.000219369695358621,-1.05828136000221E-005,9.44831696261234E-006,-4.95080997090575E-006,-4.6049715397683E-007,2.33710749024948E-007,.000217667562062278,-1.1506920403025E-005,9.62889968383629E-006,-4.94612734697437E-006,-4.58452535534965E-007,2.473503847736E-007
10133,3,-1E+036,-1E+036,-.345510936563969,-1E+036,-1E+036,-.01551706815674,.00164237490780039,.000241862124705803,-1E+036,-1E+036,-1E+036,.0466530398788307,-.00024342858888023,.000313711105005685,.0311359717220907,.00139894631892016,.000555573229711488,.000450031502024664,5.22424857987881E-006,3.26396308727948E-006,-1.08539592566451E-005,-9.81740037423627E-008,3.10243612188207E-007,.000456036142417238,4.95724893127833E-006,3.1380097374381E-006,-1.09465988504152E-005,-3.12144716723514E-008,3.14356232926457E-007
10134,1,-1E+036,-1E+036,-1E+036,-1E+036,-1E+036,-.00235768293764532,-.00125499600913826,6.43910382330071E-005,-1E+036,-1E+036,-1E+036,.0466530398788307,-.00024342858888023,.000313711105005685,.0442953569411854,-.00149842459801849,.000378102143238692,.000545788040912082,1.02929250223505E-005,1.00261143297717E-005,-1.41610452478469E-005,-1.0686528657823E-006,4.93835390369312E-007,.000555968790292161,1.02948133179365E-005,1.01977187672038E-005,-1.44998540415428E-005,-1.10471858898123E-006,5.17111965807289E-007
10136,3,-1E+036,-1E+036,-.34370289302243,-1E+036,-1E+036,.00590993097578765,-.00306654073552608,5.34436905155427E-005,.0236401413487512,-.0349400473115246,.000250685044877069,.0466530398788307,-.00024342858888023,.000313711105005685,.0525629708546183,-.00330996932440631,.000367154795521228,.000149445136671796,8.51067445173152E-007,1.10137772905403E-005,-3.76478084140419E-006,-7.55509910138225E-007,2.16623458913653E-007,.000144702627395236,5.29430919787062E-007,1.13107699117455E-005,-3.66060530489792E-006,-7.57244061013354E-007,2.26732272652919E-007
10138,4,4.53825875601479,.362089173181877,-.549244934634031,1.79344559763493E-005,-1E+036,.00797697677696466,.000386042697165411,-.000222225807538455,-.000293951454153403,.0144598972715048,-.00339595123893007,.0466530398788307,-.00024342858888023,.000313711105005685,.0546300166557954,.000142614108285181,9.14852974672301E-005,.000161696597269601,-1.04235154034888E-005,9.66781832571289E-006,-3.50038790214541E-006,-4.55995080904069E-007,1.9681535593948E-007,.000157746331049869,-1.13122529481947E-005,9.87023192654925E-006,-3.42555499114054E-006,-4.51036245045354E-007,2.0837342124199E-007
10148,5,5.04560186517231,1.07561262470615,-.69274228191523,-.346505033334018,-1E+036,-.0121149180215968,-.00106852712461078,.000364690573057316,-.0279354050232989,-.00859265465202679,.000416545358031186,.0466530398788307,-.00024342858888023,.000313711105005685,.0345381218572339,-.00131195571349101,.000678401678063001,.000168683252247951,2.1349427521403E-005,1.0050078261334E-005,-5.77792794946231E-006,-1.14738865142011E-006,2.92321921138551E-007,.000164558598526877,2.20102476426207E-005,1.02783631867465E-005,-5.77070042200624E-006,-1.16329239703271E-006,3.05604577728375E-007
10150,1,-1E+036,-1E+036,-1E+036,-1E+036,-1E+036,-.00105560340010157,-.000119371591526855,3.06591703514078E-005,-1E+036,-1E+036,-1E+036,.0466530398788307,-.00024342858888023,.000313711105005685,.0455974364787291,-.000362800180407085,.000344370275357093,.000384203241103292,-4.13953253088883E-006,1.04381560589705E-005,-9.45206646959081E-006,-6.4102301520985E-007,3.56633231194136E-007,.000388691107101076,-4.85779179851601E-006,1.06891298182676E-005,-9.6376916140484E-006,-6.39275941375198E-007,3.75962112565567E-007
10152,3,-1E+036,-1E+036,-.345769078679605,-1E+036,-1E+036,.0122312148851314,-.00281100856325783,-5.63114530571874E-005,-.0210468459910666,-.0419008390876016,-.00611967894668799,.0466530398788307,-.00024342858888023,.000313711105005685,.0588842547639621,-.00305443715213806,.000257399651948498,.000199983441847531,1.82431159023534E-005,9.88906722431154E-006,-6.17710918699551E-006,-1.04376078925806E-006,2.90203627727139E-007,.000196943652165393,1.87463108447212E-005,1.01161183705169E-005,-6.16310507473363E-006,-1.05209859268372E-006,3.02021165592666E-007
10153,4,-1E+036,-1E+036,-.549218039100449,4.19938107594533E-005,-1E+036,-.00715334200494716,.00152601260194716,3.64176283678435E-005,-.0841321682266016,-.0364239112759658,-.00448742180031205,.0466530398788307,-.00024342858888023,.000313711105005685,.0394996978738835,.00128258401306693,.000350128733373529,.000310183890362367,2.06315892546574E-005,5.31930035347527E-006,-8.89133134896087E-006,-6.74960315404062E-007,3.17323849691974E-007,.000311160819329996,2.11868030903466E-005,5.29010643527052E-006,-8.96530265640991E-006,-6.4752540135692E-007,3.26367562671505E-007
10156,3,-1E+036,-1E+036,-.346317244632772,-1E+036,-1E+036,-.00233544473110887,-.00049070115106865,9.28529475315544E-005,-.0250505689137354,-.0486623586371104,-.013592329651687,.0466530398788307,-.00024342858888023,.000313711105005685,.0443175951477218,-.000734129739948879,.00040656405253724,.000205775369575337,2.0106176186027E-005,1.03866442789043E-005,-6.48425966612336E-006,-1.1371473440844E-006,3.06266569989315E-007,.000202969937615303,2.06973616638789E-005,1.06382439449907E-005,-6.48877318353856E-006,-1.1519544123071E-006,3.19415764888875E-007
10160,1,-1E+036,-1E+036,-1E+036,-1E+036,-1E+036,.00681640171490521,.000257666620800065,-.000181515872990665,-1E+036,-1E+036,-1E+036,.0466530398788307,-.00024342858888023,.000313711105005685,.0534694415937359,1.42380319198352E-005,.00013219523201502,.000274858154762409,4.58128303824685E-006,1.22214087104032E-005,-6.95262348627356E-006,-9.198807849618E-007,3.02050895481034E-007,.000274715012582745,4.38903114328659E-006,1.25919809750651E-005,-6.95939029553412E-006,-9.27598684221778E-007,3.14905911971114E-007
10161,3,-1E+036,-1E+036,-.346347005156744,-1E+036,-1E+036,.0103876268831052,.0001435223179252,-.000272852246179668,.0593576192963215,-.0259773147954031,.00228439933227707,.0466530398788307,-.00024342858888023,.000313711105005685,.0570406667619359,-9.99062709550295E-005,4.08588588260169E-005,.000190843090321508,-1.1131039582518E-005,1.02551364822405E-005,-4.17675115418628E-006,-4.48081128091335E-007,2.12531358333542E-007,.000188018242651493,-1.20894612901286E-005,1.05052436734769E-005,-4.13218393640381E-006,-4.37583048803167E-007,2.24726832480895E-007
10162,3,-1E+036,-1E+036,-.346101568267589,-1E+036,-1E+036,-.00224238596877189,-.000960125370961865,8.64378736963247E-005,.170486998868341,-.127390899308968,.0207965085570286,.0466530398788307,-.00024342858888023,.000313711105005685,.0444106539100588,-.00120355395984209,.00040014897870201,.000198635434360044,-1.19283424198738E-005,1.01309258936092E-005,-4.34652833561338E-006,-4.25057237830207E-007,2.16062967876409E-007,.000196146798739999,-1.29335628122601E-005,1.03724658767519E-005,-4.31508134799729E-006,-4.13842583164569E-007,2.28727153795548E-007
10163,3,-1E+036,-1E+036,-.346456016768297,-1E+036,-1E+036,.0167797484570916,.00158576870156241,-.000490791988903843,.0230477470900639,.0076812879899278,-.0016377122205057,.0466530398788307,-.00024342858888023,.000313711105005685,.0634327883359223,.00134234011268218,-.000177080883898158,.000321332349453489,-6.39043116620083E-006,8.20538592952502E-006,-7.57844651741587E-006,-5.86600738730471E-007,3.0069392639226E-007,.000323314531980678,-7.07339760880085E-006,8.26081389694438E-006,-7.65863442228544E-006,-6.08705407789563E-007,3.15678620791246E-007
10167,2,-1E+036,-1E+036,4.34486210526325E-005,-1E+036,-1E+036,-.0046172851732953,-.00050540759876036,.000138492376559287,-1E+036,-1E+036,-1E+036,.0466530398788307,-.00024342858888023,.000313711105005685,.0420357547055354,-.000748836187640589,.000452203481564972,.000200472532445531,-3.21628995541518E-006,1.13124952362884E-005,-4.74608230140341E-006,-6.83686719595056E-007,2.36340278540521E-007,.000197732780717851,-3.76875089776569E-006,1.16298680959008E-005,-4.68750993280845E-006,-6.81856209980172E-007,2.47613737433943E-007
10169,3,-1E+036,-1E+036,-.344951456620125,-1E+036,-1E+036,-.014892060601611,-.00109109685179325,.000460970003647323,.189023184239136,.191043943309578,.0345344747546349,.0466530398788307,-.00024342858888023,.000313711105005685,.0317609792772197,-.00133452544067348,.000774681108653008,.000299556876020308,2.43554603660831E-005,7.53750641975676E-006,-9.05268128551626E-006,-9.75619215271441E-007,3.51306483253998E-007,.000300249614868824,2.50944077900974E-005,7.62741486847465E-006,-9.16022875888627E-006,-9.71449574626329E-007,3.64642706865582E-007
10170,1,-1E+036,-1E+036,-1E+036,-1E+036,-1E+036,.014688818055267,3.44900400157917E-005,-.000355085557783983,-1E+036,-1E+036,-1E+036,.0466530398788307,-.00024342858888023,.000313711105005685,.0613418579340977,-.000208938548864438,-4.13744527782976E-005,.000294845939906028,1.45582324812088E-005,1.2620199376388E-005,-8.12354237184875E-006,-1.18705937030974E-006,3.48670470739327E-007,.00029534317570577,1.48481030273844E-005,1.30058686514361E-005,-8.17446163887578E-006,-1.20790023159986E-006,3.63418408831578E-007
10173,5,5.83986048204982,2.40434887928647,-.691951649275223,-.345970789633162,-.346064734901464,-.00428836203676589,.00270639752407307,-.000114170513023862,.007421576330931,.0200072846595129,.00264553512406419,.0466530398788307,-.00024342858888023,.000313711105005685,.0423646778420648,.00246296893519284,.000199540591981823,.000136241122194948,1.45741242815281E-005,9.09483608202429E-006,-4.39423957101913E-006,-9.00871051421917E-007,2.37643251240655E-007,.000130837318127904,1.49305657759172E-005,9.27606414236329E-006,-4.31110253736845E-006,-9.02741987136042E-007,2.47345979993295E-007
10174,4,4.82996975184851,.909243707424553,-.548883668731367,4.1840948829427E-007,-1E+036,-.00897408503297191,.000246222048710896,.000242089791420835,-.0404346464114941,.0107336430063297,-.00013973245013623,.0466530398788307,-.00024342858888023,.000313711105005685,.0376789548458588,2.79345983066656E-006,.00055580089642652,.000212493139036483,-1.32103618582434E-005,8.80807247432224E-006,-4.69731107595722E-006,-3.79053610797623E-007,2.24833654147172E-007,.000210645755080683,-1.42647987897707E-005,8.94173631451402E-006,-4.6991875584302E-006,-3.76443960987791E-007,2.39009230516488E-007
10175,4,5.54475061785166,1.933003135158,-.54900954822452,4.54965341248881E-006,7.94976816865795E-005,-.0150956812670017,-.000144182243928759,.000365802814568347,-.0166454991502477,.0199046483820478,-.0077395238621016,.0466530398788307,-.00024342858888023,.000313711105005685,.031557358611829,-.000387610832808989,.000679513919574032,.000125855633415946,-2.61580345614057E-006,1.05585425591821E-005,-2.99701171958743E-006,-6.59482795053625E-007,1.93310615443578E-007,.000120295173112594,-3.09391566785561E-006,1.08245219198435E-005,-2.86988725119491E-006,-6.59191600382563E-007,2.03003880509417E-007
10176,3,-1E+036,-1E+036,-.346131690349739,-1E+036,-1E+036,.0234754492686015,.00250814719698465,-.000672311091837425,.181032579659644,-.132341618339304,.0246925374869443,.0466530398788307,-.00024342858888023,.000313711105005685,.0701284891474322,.00226471860810443,-.00035859998683174,.000219006277590692,-1.20226766165539E-005,9.63103039877374E-006,-4.91224839283879E-006,-4.14757390794425E-007,2.31639095500356E-007,.000217365880335959,-1.30418502709619E-005,9.83264652792483E-006,-4.91743904288054E-006,-4.06353397562455E-007,2.45787746195423E-007
10177,3,-1E+036,-1E+036,-.34632223163512,-1E+036,-1E+036,-.0215780652689485,-.000943036904481847,.000582274488598408,-.0390079095171779,-.0578362861211638,.0625461562773912,.0466530398788307,-.00024342858888023,.000313711105005685,.0250749746098822,-.00118646549336208,.000895985593604093,.000142544104140213,2.04584321860856E-006,1.19638243443465E-005,-3.59979710672682E-006,-8.42981151892818E-007,2.16325731113827E-007,.000137442515543417,1.79178158219621E-006,1.23203901458411E-005,-3.47473581467825E-006,-8.48578122436148E-007,2.25680428816174E-007
10180,2,-1E+036,-1E+036,.000160394227430651,-1E+036,-1E+036,-.00726655851186924,-.00103659605183549,.000213764178323604,-1E+036,-1E+036,-1E+036,.0466530398788307,-.00024342858888023,.000313711105005685,.0393864813669614,-.00128002464071572,.000527475283329289,.000293474448092855,-1.13552611235135E-005,9.81710126046156E-006,-6.8628031530087E-006,-4.34585782937745E-007,2.82734507752792E-007,.000294723267156394,-1.23986092001524E-005,1.00327447450011E-005,-6.96313067826538E-006,-4.24473570543423E-007,2.99841023862457E-007
10181,5,6.17733131515647,2.80890426269346,-.692854207655985,-.346541829405916,-1E+036,.0200209971014398,-.00210529774386726,-.000290536869647636,.0514581612236394,.0259919931058038,.00516465269567016,.0466530398788307,-.00024342858888023,.000313711105005685,.0666740369802705,-.00234872633274749,2.31742353580491E-005,.000184737042237211,1.84294662683826E-005,7.02060420933481E-006,-5.79333735397745E-006,-7.91268695787398E-007,2.57527965773558E-007,.000181087121533544,1.89437319886051E-005,7.08599388391745E-006,-5.75830722186142E-006,-7.78650955952399E-007,2.6617182515085E-007
10183,3,-1E+036,-1E+036,-.345941633461339,-1E+036,-1E+036,.00530327263889709,-.00227295142092183,7.02276595725363E-005,-.231081091642505,-.146532082599344,-.0199671757289236,.0466530398788307,-.00024342858888023,.000313711105005685,.0519563125177278,-.00251638000980206,.000383938764578221,.000298618258882201,3.09771837479101E-005,9.76220894265521E-006,-9.57558978934785E-006,-1.33451332638985E-006,3.9490345446182E-007,.000299269180431774,3.20412291817051E-005,9.97026067296726E-006,-9.71714615487751E-006,-1.35469336371618E-006,4.11901497808216E-007
10184,3,-1E+036,-1E+036,-.344218522624239,-1E+036,-1E+036,-.0470038215659465,1.54684997549352E-005,.00110565407086653,-.118857282705367,-.0534393812172279,-.00691620099322537,.0466530398788307,-.00024342858888023,.000313711105005685,-.000350781687115831,-.000227960089125295,.00141936517587221,.000260389945615356,1.45925853500271E-005,5.84726461353233E-006,-7.33425103485504E-006,-5.86759433521567E-007,2.77195612043083E-007,.000259631196497667,1.48679456831267E-005,5.85185291574463E-006,-7.35790855886992E-006,-5.58276946243052E-007,2.85643311129015E-007
10185,3,-1E+036,-1E+036,-.346557618781261,-1E+036,-1E+036,.00104928667296446,-.00280260181773913,-8.3602295979213E-005,-.0191770377004842,.00122530747627943,-.000490284731377431,.0466530398788307,-.00024342858888023,.000313711105005685,.0477023265517951,-.00304603040661936,.000230108809026472,.000218387671124695,-1.72439537466213E-006,8.68399686755697E-006,-4.24666704434153E-006,-7.45614372874184E-007,1.92582314489184E-007,.000215066638680151,-1.87338803696539E-006,8.75564021837558E-006,-3.9753981685528E-006,-7.88989173580131E-007,1.90104211331601E-007
10186,3,-1E+036,-1E+036,-.346538402420164,-1E+036,-1E+036,.0123046726651705,.000425065686254278,-.000324476881437629,.0225713481977469,.00275451614690292,-.00257796326051916,.0466530398788307,-.00024342858888023,.000313711105005685,.0589577125440012,.000181637097374048,-1.07657764319438E-005,.000157433030558717,2.19439177232657E-006,1.0357234563864E-005,-4.12200011854612E-006,-7.5594124103842E-007,2.27583983125416E-007,.000153053452840657,1.93444513260002E-006,1.06080044019862E-005,-4.0442458105855E-006,-7.59249970711973E-007,2.38867831191621E-007
10187,5,4.72886774282031,.619889703165338,-.692701247313063,-.346295277962742,-.346436339015097,.00461291873955408,.000864896796955035,-.000157262755414156,-.00155359412264681,.00208475930273402,.00288441021831398,.0466530398788307,-.00024342858888023,.000313711105005685,.0512659586183848,.000621468208074805,.000156448349591529,.000105227987348363,4.29439682887001E-007,1.00262977446234E-005,-2.70207400574955E-006,-6.86597850193667E-007,1.87443703852838E-007,9.8844556859089E-005,1.12833919795821E-007,1.02595652456574E-005,-2.56102808211304E-006,-6.86588712433858E-007,1.96688169981663E-007
10188,3,-1E+036,-1E+036,-.345939425871679,-1E+036,-1E+036,-.00852088102920943,-.000120705560102623,.00023385972435325,-.431784468703765,.229194955933124,-.0294788020507703,.0466530398788307,-.00024342858888023,.000313711105005685,.0381321588496213,-.000364134148982852,.000547570829358935,.000266454642336196,-1.37619717257475E-005,9.08668482085945E-006,-6.11489225264702E-006,-3.62639465894259E-007,2.61996771565594E-007,.000266778451691965,-1.49067281705176E-005,9.24638397164588E-006,-6.19829781104398E-006,-3.54326290698291E-007,2.78966951359127E-007
10189,2,-1E+036,-1E+036,1.00300223786336E-008,-1E+036,-1E+036,-.0165421172154161,-.00229470182663658,.00048132947635401,-1E+036,-1E+036,-1E+036,.0466530398788307,-.00024342858888023,.000313711105005685,.0301109226634146,-.00253813041551681,.000795040581359695,.00034986723485658,-9.68157907879378E-006,9.20455409639678E-006,-8.45828222902202E-006,-4.78861858847656E-007,3.27864055428032E-007,.00035332566982132,-1.06670714351154E-005,9.36431525209143E-006,-8.64241596795231E-006,-4.7676001902246E-007,3.48000494859836E-007
10192,3,-1E+036,-1E+036,-.346196730371908,-1E+036,-1E+036,-.00212518021479975,-.000677173817445937,8.2047792431963E-005,-.0122865063616216,.0520003067711648,-.0243197480883563,.0466530398788307,-.00024342858888023,.000313711105005685,.0445278596640309,-.000920602406326166,.000395758897437648,.000158743998827937,-6.47196149118273E-006,1.10355173429901E-005,-3.54348646312304E-006,-5.89376144294994E-007,2.01682937291237E-007,.000154485801059609,-7.16859794813381E-006,1.13377788912819E-005,-3.44209601432767E-006,-5.8358162303952E-007,2.11758896315096E-007
10193,5,8.47392249449348,6.36329844005996,-.692200752632818,-.346268847015755,-.346412321056765,.0387582535155813,-.00252683085539309,-.000726825070120105,.0394313487534361,-.00963156090666768,.000332682078757315,.0466530398788307,-.00024342858888023,.000313711105005685,.085411293394412,-.00277025944427331,-.00041311396511442,.000118051096267836,9.92624842206242E-006,9.48656503429712E-006,-3.64467439483955E-006,-8.39101544688377E-007,2.17496221015955E-007,.000112024065313142,1.00663249631775E-005,9.68959410647375E-006,-3.53475632700718E-006,-8.4126329873641E-007,2.27017900431301E-007
10194,3,-1E+036,-1E+036,-.345512065582189,-1E+036,-1E+036,.000983376774398088,.000953289829807445,-5.55094825744164E-005,.0963778157534894,-.138500360024838,.0400367926196209,.0466530398788307,-.00024342858888023,.000313711105005685,.0476364166532288,.000709861240927215,.000258201622431269,.000177731711726335,-1.00542322399362E-005,1.05880703335398E-005,-3.86544461697852E-006,-4.84460992995505E-007,2.05405460599141E-007,.000174334204879475,-1.09486291285347E-005,1.0861943812152E-005,-3.79641983634983E-006,-4.74428082561013E-007,2.16638278466354E-007
10195,3,-1E+036,-1E+036,-.345975477215539,-1E+036,-1E+036,.00528730260320242,-.00148213450604625,1.81347917679127E-006,-.772973303872828,-.414384753827471,-.0526177925666515,.0466530398788307,-.00024342858888023,.000313711105005685,.0519403424820331,-.00172556309492648,.000315524584182476,.000393089730329353,3.07498595313542E-005,7.31158055285335E-006,-1.18378698819662E-005,-1.10735375057289E-006,4.29022645900718E-007,.000397292348079803,3.1744671863853E-005,7.38240649563626E-006,-1.20690385378108E-005,-1.10730348463654E-006,4.46043694103502E-007
10196,1,-1E+036,-1E+036,-1E+036,-1E+036,-1E+036,4.86224443546693E-005,-.000644464713854907,5.73743396599476E-005,-1E+036,-1E+036,-1E+036,.0466530398788307,-.00024342858888023,.000313711105005685,.0467016623231854,-.000887893302735137,.000371085444665633,.000554911382907604,1.56590028318874E-005,6.12644528797286E-006,-1.4454850221602E-005,-6.23580268893581E-007,4.49189208255561E-007,.000565070270351866,1.58388633377562E-005,6.15009825378778E-006,-1.47501001729885E-005,-5.92422326405299E-007,4.64118179284362E-007
10198,1,-1E+036,-1E+036,-1E+036,-1E+036,-1E+036,-5.88538409650504E-005,-.000380175898265289,3.60492011466452E-005,-1E+036,-1E+036,-1E+036,.0466530398788307,-.00024342858888023,.000313711105005685,.0465941860378656,-.000623604487145519,.00034976030615233,.000554787716523337,1.4131298910334E-005,5.91865989497813E-006,-1.43128299252541E-005,-5.66230931640456E-007,4.40399663674945E-007,.000564923536703841,1.42378304682201E-005,5.93256294361624E-006,-1.4596889382584E-005,-5.31383157661886E-007,4.54525146017847E-007
10199,1,-1E+036,-1E+036,-1E+036,-1E+036,-1E+036,.00672577240209346,-.00046541651990912,-.000122731142703446,-1E+036,-1E+036,-1E+036,.0466530398788307,-.00024342858888023,.000313711105005685,.0533788122809241,-.00070884510878935,.000190979962302239,.000385695250732718,2.68811056347105E-005,1.18111653603359E-005,-1.13227122569188E-005,-1.41554497215155E-006,4.44309243191297E-007,.000389603867261443,2.77096176321933E-005,1.21386393018777E-005,-1.15234695537424E-005,-1.44433801390837E-006,4.63858561524978E-007
10200,1,-1E+036,-1E+036,-1E+036,-1E+036,-1E+036,-.0275201265677403,.000421084562174653,.000627039024697415,-1E+036,-1E+036,-1E+036,.0466530398788307,-.00024342858888023,.000313711105005685,.0191329133110904,.000177655973294423,.0009407501297031,.000316018871697518,1.88248175104795E-005,1.25656953294132E-005,-8.96727699047294E-006,-1.28512080003462E-006,3.76629124074362E-007,.000317299334328316,1.93092329720296E-005,1.29441044907182E-005,-9.05705991483484E-006,-1.31034007968425E-006,3.92790496701383E-007
10201,5,13.1531819802717,9.12889933066262,-.687932048689633,-.344906020365782,-.346138553461082,-.00431741439089313,-.00825012122483425,.000857728663860061,.0405950833957019,.0228820982507748,.00571048973465436,.0466530398788307,-.00024342858888023,.000313711105005685,.0423356254879376,-.00849354981371448,.00117143976886575,.000265599231996682,1.59563066454319E-005,4.35499053357579E-006,-7.38361355620064E-006,-4.71489073251448E-007,2.61987938741227E-007,.000264839950189433,1.63080201283373E-005,4.27638124704375E-006,-7.37910767253722E-006,-4.31000752363268E-007,2.67159397252463E-007
10202,4,6.36631196065708,3.19028774404757,-.548721680855617,.000176561788806022,.000174809701381272,-.0306688949780291,-.000530510535945418,.000784699454898854,-.0493932197774498,.00353216085479987,.00330131176769127,.0466530398788307,-.00024342858888023,.000313711105005685,.0159841449008016,-.000773939124825648,.00109841055990454,.000128509782341331,-5.17050309827583E-006,1.06916212175594E-005,-2.89455369515109E-006,-6.06011196939747E-007,1.87337838357933E-007,.000123084680132143,-5.78033886855441E-006,1.09685589996948E-005,-2.76543957253371E-006,-6.02761966079335E-007,1.96845538414192E-007
10204,2,-1E+036,-1E+036,4.65470685931868E-005,-1E+036,-1E+036,-.0156361361054618,-.00124392605525921,.000444537518711147,-1E+036,-1E+036,-1E+036,.0466530398788307,-.00024342858888023,.000313711105005685,.0310169037733689,-.00148735464413944,.000758248623716832,.000255405606194885,-1.04079074723929E-005,1.03121420694312E-005,-5.85665976277167E-006,-4.68610641096845E-007,2.56299397274018E-007,.0002550743265947,-1.13728822248833E-005,1.05653506535711E-005,-5.89108191360622E-006,-4.57977423439833E-007,2.70903268874968E-007
10206,2,-1E+036,-1E+036,.00075521633192065,-1E+036,-1E+036,-.0185462495774491,-.000511339055047053,.000486579392712143,-1E+036,-1E+036,-1E+036,.0466530398788307,-.00024342858888023,.000313711105005685,.0281067903013816,-.000754767643927283,.000800290497717828,.00019858458184115,-4.30109004488411E-006,1.14610764121016E-005,-4.61189710300922E-006,-6.61919308146599E-007,2.30994666697929E-007,.000195769194770822,-4.90796423559011E-006,1.17904807095597E-005,-4.54570785503396E-006,-6.58214553328726E-007,2.41859322416018E-007
10211,1,-1E+036,-1E+036,-1E+036,-1E+036,-1E+036,-.00701927761044608,.00134643155155518,5.18799895319793E-005,-1E+036,-1E+036,-1E+036,.0466530398788307,-.00024342858888023,.000313711105005685,.0396337622683846,.00110300296267495,.000365591094537664,.000479667356795831,2.96092988733031E-005,9.85170153117417E-006,-1.38548166572543E-005,-1.30855269656249E-006,4.96555612755981E-007,.000487122006339424,3.05073504277295E-005,1.00666885302421E-005,-1.41674220383867E-005,-1.32518685811511E-006,5.17879245276386E-007
10215,2,-1E+036,-1E+036,.00353166411293089,-1E+036,-1E+036,-.023165907554885,-.00292130054619165,.000797503937003577,-1E+036,-1E+036,-1E+036,.0466530398788307,-.00024342858888023,.000313711105005685,.0234871323239457,-.00316472913507188,.00111121504200926,.000250129775693541,2.10508817196214E-005,1.13757938282168E-005,-7.59583097003536E-006,-1.2393618462904E-006,3.40484678475417E-007,.000248965085390969,2.166869109806E-005,1.16841466418012E-005,-7.64067349840635E-006,-1.26043474696024E-006,3.55163123040029E-007
10216,1,-1E+036,-1E+036,-1E+036,-1E+036,-1E+036,.0137710763140738,.000626069019511747,-.000372746451868539,-1E+036,-1E+036,-1E+036,.0466530398788307,-.00024342858888023,.000313711105005685,.0604241161929045,.000382640430631517,-5.9035346862854E-005,.000277145823035496,2.53933817424086E-006,1.20474576430715E-005,-6.89184744673206E-006,-8.59972690651973E-007,2.97138512932526E-007,.000277135205658384,2.24228972624344E-006,1.24088548897712E-005,-6.90086756104095E-006,-8.64718794843897E-007,3.10007836856749E-007
10217,1,-1E+036,-1E+036,-1E+036,-1E+036,-1E+036,.00732399526795805,-.0015489919965947,-4.12013984581093E-005,-1E+036,-1E+036,-1E+036,.0466530398788307,-.00024342858888023,.000313711105005685,.0539770351467887,-.00179242058547493,.000272509706547576,.000487834358124895,2.93632730523478E-005,9.61960126883427E-006,-1.40336717696638E-005,-1.28167373262977E-006,4.98544126058473E-007,.000495594860393434,3.0244206723404E-005,9.82192599472675E-006,-1.43531484279801E-005,-1.29615720313761E-006,5.19812299519478E-007
10220,2,-1E+036,-1E+036,2.98407470745766E-005,-1E+036,-1E+036,-.00091387291144749,.00213206502905521,-.0001709532129626,-1E+036,-1E+036,-1E+036,.0466530398788307,-.00024342858888023,.000313711105005685,.0457391669673832,.00188863644017498,.000142757892043085,.000513795889919994,2.22437638409417E-005,5.56039104742025E-006,-1.40277337776357E-005,-7.36604027324699E-007,4.48827624951792E-007,.000522471602708246,2.27575821627853E-005,5.54310276489261E-006,-1.43237457148499E-005,-7.10161544388185E-007,4.64399690769122E-007
10221,4,4.63173780209281,.60890784013435,-.548193761564135,.0007983265667639,.000171611772849425,-.00989187328581588,-.00083866001804724,.000313123450674071,-.00838302457987445,.00865939932555755,.00286766681392457,.0466530398788307,-.00024342858888023,.000313711105005685,.0367611665930148,-.00108208860692747,.000626834555679756,.000190276204969233,1.80576514771941E-005,7.95267982024327E-006,-5.9066338634189E-006,-8.65025722290624E-007,2.67112360547901E-007,.000186846804394921,1.85525450953535E-005,8.0715102786104E-006,-5.87734561062742E-006,-8.58739763173232E-007,2.76693064791668E-007
10222,1,-1E+036,-1E+036,-1E+036,-1E+036,-1E+036,.0207706133039191,.000539945323889948,-.000537533606019131,-1E+036,-1E+036,-1E+036,.0466530398788307,-.00024342858888023,.000313711105005685,.0674236531827498,.000296516735009718,-.000223822501013446,.000276587900597021,7.93280794646199E-006,1.24335248869744E-005,-7.20738764645377E-006,-1.01455483024721E-006,3.14236197448563E-007,.000276455187248872,7.90729725278391E-006,1.28141587911746E-005,-7.22042170428483E-006,-1.02700304049062E-006,3.27435897191008E-007
10223,4,6.00252569012327,2.54783337667436,-.549043395149398,.000153791558534811,-1E+036,.00971684243461009,3.80499729775206E-005,-.000244092596040561,.13552752623757,.0447741630401382,.00349979485193639,.0466530398788307,-.00024342858888023,.000313711105005685,.0563698823134408,-.000205378615902709,6.96185089651238E-005,.000305993088102205,9.1763750230319E-006,3.45226108546883E-006,-7.63700942892485E-006,-2.12473048278801E-007,2.40669820956254E-007,.00030655631411626,9.18657376129353E-006,3.33260196531933E-006,-7.59911213635694E-006,-1.54143760801927E-007,2.41913046770648E-007
10226,2,-1E+036,-1E+036,.00101722191143979,-1E+036,-1E+036,-.0196078256833329,.000364342450193917,.000455625361063604,-1E+036,-1E+036,-1E+036,.0466530398788307,-.00024342858888023,.000313711105005685,.0270452141954978,.000120913861313688,.00076933646606929,.000399668053556109,9.11598934467298E-006,4.41331818267632E-006,-9.9846272380289E-006,-2.99347484553619E-007,3.07649219792263E-007,.000403843096561991,9.0696135287988E-006,4.34892048699839E-006,-1.00566901104573E-005,-2.47384807923256E-007,3.13108203570189E-007
10230,1,-1E+036,-1E+036,-1E+036,-1E+036,-1E+036,.0227165539956161,-.00161098941135024,-.000411149599003235,-1E+036,-1E+036,-1E+036,.0466530398788307,-.00024342858888023,.000313711105005685,.0693695938744467,-.00185441800023046,-9.74384939975503E-005,.000387697750241946,2.70298730553981E-005,1.17804936419119E-005,-1.13841354896079E-005,-1.4164951180577E-006,4.45880426940347E-007,.000391682156881115,2.78642303290977E-005,1.21060858324308E-005,-1.15877556857014E-005,-1.44522657626696E-006,4.65502912062566E-007
10235,1,-1E+036,-1E+036,-1E+036,-1E+036,-1E+036,.000940970114119834,-.000722485448904673,4.21083245590181E-005,-1E+036,-1E+036,-1E+036,.0466530398788307,-.00024342858888023,.000313711105005685,.0475940099929505,-.000965914037784902,.000355819429564703,.000545819249559065,2.21783753503813E-005,7.23974431191514E-006,-1.4819750554032E-005,-8.88152698674655E-007,4.8238653293611E-007,.00055570480471374,2.26771510266442E-005,7.3177388970474E-006,-1.51514682665745E-005,-8.74458129969012E-007,5.00587862090086E-007
10241,6,5.68770909244169,1.96027612377854,-.803393291207113,-.54865650793491,-.548650440018748,-.00546642838933787,-.00270548180012649,.000284572743037898,-.00420810676869513,-.00849368690396363,.000268155722103845,.0466530398788307,-.00024342858888023,.000313711105005685,.0411866114894928,-.00294891038900672,.000598283848043583,9.71314573754454E-005,1.54842201883796E-006,8.75779242386317E-006,-2.66107900567676E-006,-6.49606664784789E-007,1.86367626545694E-007,9.05075502819276E-005,1.29812083895359E-006,8.90314636616624E-006,-2.5315196159211E-006,-6.51014601395194E-007,1.96332098474944E-007
10248,3,-1E+036,-1E+036,-.346107008620576,-1E+036,-1E+036,-.0230769847523011,-.00112524023097726,.000629925264722607,-.0111191356202869,-.0851826251149018,.040084038618248,.0466530398788307,-.00024342858888023,.000313711105005685,.0235760551265296,-.00136866881985748,.000943636369728293,.000152406636784804,-4.63343967997641E-006,1.12475401868148E-005,-3.47464908692358E-006,-6.43304192267857E-007,2.02475126241987E-007,.000147847726937155,-5.23192700375767E-006,1.15628087277316E-005,-3.36283734239032E-006,-6.39779776953605E-007,2.12185517324951E-007
10252,5,10.925873321784,9.03234704028984,-.688821983079409,-.3462286268955,-.344858020140871,-.0382969997140697,-.0031365238477061,.00121593379680429,-.0318288996440043,.0310425394661487,.00914768502951977,.0466530398788307,-.00024342858888023,.000313711105005685,.008356040164761,-.00337995243658633,.00152964490180998,.000147284637182905,1.17604133977897E-005,6.37987523595318E-006,-4.3773011181181E-006,-5.73781555811451E-007,2.05859157036688E-007,.000142243615672366,1.19628740227806E-005,6.4155893033546E-006,-4.2776548040983E-006,-5.48902750544328E-007,2.11554701449605E-007
10253,2,-1E+036,-1E+036,8.20650873754446E-005,-1E+036,-1E+036,.0193997518160237,.000677932337362817,-.000504591625244618,-1E+036,-1E+036,-1E+036,.0466530398788307,-.00024342858888023,.000313711105005685,.0660527916948544,.000434503748482587,-.000190880520238933,.000241631615465684,1.13827260992987E-005,9.03041177559804E-006,-6.83255620965917E-006,-8.27717436257372E-007,2.94838402835124E-007,.000240379615670833,1.15112976631543E-005,9.20830702999502E-006,-6.86778773796305E-006,-8.25225390833035E-007,3.0803544677229E-007
10256,4,4.36114826913054,.112442715111611,-.549154405702446,.000138957942479786,-1E+036,-.00413308555814695,.000568872971674112,4.85264175527443E-005,-.00950110862565707,-.00282031917746099,-.000536456543676836,.0466530398788307,-.00024342858888023,.000313711105005685,.0425199543206837,.000325444382793882,.000362237522558429,.000204615802607573,1.71233874807822E-005,6.78132191121318E-006,-6.11402510692846E-006,-7.27775629214755E-007,2.57664624863427E-007,.000201664788644896,1.75650431204351E-005,6.83766709211745E-006,-6.08014064324517E-006,-7.09730710808747E-007,2.65328271495395E-007
10260,1,-1E+036,-1E+036,-1E+036,-1E+036,-1E+036,.00899698812660173,.000304059981127205,-.000237379839610484,-1E+036,-1E+036,-1E+036,.0466530398788307,-.00024342858888023,.000313711105005685,.0556500280054324,6.0631392246975E-005,7.6331265395201E-005,.000274764363816549,5.69993654935694E-006,1.23016204580979E-005,-7.01874663838152E-006,-9.5198881248568E-007,3.05622222188408E-007,.000274596864437847,5.56398781117456E-006,1.26761792929481E-005,-7.02639805537174E-006,-9.61310989198777E-007,3.18548512562107E-007
10261,1,-1E+036,-1E+036,-1E+036,-1E+036,-1E+036,.0163156122349371,.000701090222467926,-.000439370587316698,-1E+036,-1E+036,-1E+036,.0466530398788307,-.00024342858888023,.000313711105005685,.0629686521137678,.000457661633587696,-.000125659482311013,.000276090218172038,3.18628818148374E-006,1.21067316284384E-005,-6.90172562035529E-006,-8.79136150367447E-007,2.98441342462315E-007,.000276023839906206,2.92275588938889E-006,1.24713269971841E-005,-6.90942480280667E-006,-8.84828079025941E-007,3.1128322970141E-007
10263,2,-1E+036,-1E+036,.000143649551892414,-1E+036,-1E+036,.00974109993029841,.000798797310441302,-.000280252046755354,-1E+036,-1E+036,-1E+036,.0466530398788307,-.00024342858888023,.000313711105005685,.0563941398091291,.000555368721561072,3.3459058250331E-005,.000329894811322847,-1.07295062682902E-005,9.40946570481041E-006,-7.88375453968937E-006,-4.49021553003819E-007,3.1133325213181E-007,.000332594493009365,-1.17625810080603E-005,9.58966220001265E-006,-8.04144575262932E-006,-4.42872727906198E-007,3.30568929299669E-007
10269,1,-1E+036,-1E+036,-1E+036,-1E+036,-1E+036,-.000802869793306586,6.53386886071214E-005,2.58928974878996E-005,-1E+036,-1E+036,-1E+036,.0466530398788307,-.00024342858888023,.000313711105005685,.0458501700855241,-.000178089900273108,.000339604002493585,.000443917278336836,2.42048325528005E-005,1.18862816412418E-005,-1.0830423823613E-005,-1.49323376584877E-006,3.85185708820096E-007,.000447919359651296,2.5266416520189E-005,1.2171235533699E-005,-1.06986363224559E-005,-1.55836155341231E-006,3.84956686859345E-007
10273,1,-1E+036,-1E+036,-1E+036,-1E+036,-1E+036,.00513245917954016,-.00101830095070562,-3.490376221677E-005,-1E+036,-1E+036,-1E+036,.0466530398788307,-.00024342858888023,.000313711105005685,.0517854990583708,-.00126172953958585,.000278807342788915,.000482543877700317,2.95343103876822E-005,9.77149001691317E-006,-1.3918830641966E-005,-1.29951599929774E-006,4.97319493267426E-007,.00049010632920649,3.04268911479507E-005,9.9820892790299E-006,-1.42339301212195E-005,-1.31541978368038E-006,5.18629022684117E-007
10278,1,-1E+036,-1E+036,-1E+036,-1E+036,-1E+036,.000861154734752761,.000172922395331435,-2.51155712398246E-005,-1E+036,-1E+036,-1E+036,.0466530398788307,-.00024342858888023,.000313711105005685,.0475141946135835,-7.05061935487952E-005,.000288595533765861,.000487485288189501,1.62218378811083E-006,9.90139997183909E-006,-1.24436641573216E-005,-8.06731366442539E-007,4.43284192747455E-007,.000495860118436993,1.15223085836203E-006,1.00910802349921E-005,-1.27642630113694E-005,-8.21407501313339E-007,4.67193190894656E-007
10279,1,-1E+036,-1E+036,-1E+036,-1E+036,-1E+036,.00158539298615152,.000781994051513202,-4.3695185469879E-005,-1E+036,-1E+036,-1E+036,.0466530398788307,-.00024342858888023,.000313711105005685,.0482384328649822,.000538565462632972,.000270015919535806,.000544208427119979,9.87150316636948E-006,1.00086636990553E-005,-1.41152196831846E-005,-1.05581922553238E-006,4.92509853827546E-007,.000554355908464856,9.84874360295435E-006,1.01802212564384E-005,-1.44559354842645E-005,-1.09087653527807E-006,5.15938199700095E-007
10280,1,-1E+036,-1E+036,-1E+036,-1E+036,-1E+036,.00577130343523389,.00394460130063525,-.000504690677068447,-1E+036,-1E+036,-1E+036,.0466530398788307,-.00024342858888023,.000313711105005685,.0524243433140646,.00370117271175502,-.000190979572062762,.000538377273940813,3.84287466829877E-006,4.88041650662035E-006,-1.29621111425928E-005,-2.11375770665077E-007,3.73945605825912E-007,.000547746528962097,3.46537073273096E-006,4.8491206818565E-006,-1.31515048200249E-005,-1.54387024890594E-007,3.82345131254997E-007
10281,1,-1E+036,-1E+036,-1E+036,-1E+036,-1E+036,-.000665975119951282,.000630449492510999,-4.06199851088741E-005,-1E+036,-1E+036,-1E+036,.0466530398788307,-.00024342858888023,.000313711105005685,.0459870647588794,.000387020903630769,.000273091119896811,.000548698707856076,2.10852320647009E-005,7.02096261178981E-006,-1.47924102031391E-005,-8.40970820737807E-007,4.77418273147177E-007,.000558682167571894,2.15296857155793E-005,7.08804522058552E-006,-1.51195690174291E-005,-8.24103360561417E-007,4.95090884645935E-007
10288,3,-1E+036,-1E+036,-.346286369797297,-1E+036,-1E+036,.0360437133909923,.00419715046691939,-.00104574275616536,.0384917317779819,-.0021000181938459,.00211191414298593,.0466530398788307,-.00024342858888023,.000313711105005685,.082696753269823,.00395372187803916,-.000732031651159678,.000205012919642491,-8.33729903679668E-006,9.49660582997435E-006,-4.77242695596358E-006,-5.0598807692172E-007,2.33593563618909E-007,.000202763046846005,-9.15042859622413E-006,9.68242858519611E-006,-4.76236589997624E-006,-5.04362559570625E-007,2.47519139124505E-007
10297,1,-1E+036,-1E+036,-1E+036,-1E+036,-1E+036,-.0192005311310998,.0014343079938426,.000618852207352933,-1E+036,-1E+036,-1E+036,.0466530398788307,-.00024342858888023,.000313711105005685,.0274525087477309,.00119087940496237,.000932563312358618,.000434973001595404,2.41313010643014E-005,1.1952133703053E-005,-1.05442990670313E-005,-1.49068813750183E-006,3.76033225532075E-007,.000438546931104897,2.52021855730136E-005,1.22432434072861E-005,-1.03884971347323E-005,-1.55534321520657E-006,3.74709858131803E-007
10300,3,-1E+036,-1E+036,-.342169612196735,-1E+036,-1E+036,-.0281414454277927,-.00122984215050932,.000795929971126799,.622249880311357,.504628246177576,.089661739483961,.0466530398788307,-.00024342858888023,.000313711105005685,.018511594451038,-.00147327073938955,.00110964107613248,.000298075292630817,2.98049627712728E-005,9.356745810768E-006,-9.46410240274316E-006,-1.27000932373518E-006,3.86604949943539E-007,.000298705757014008,3.08124042005451E-005,9.54333543477223E-006,-9.59864285303957E-006,-1.28584713459432E-006,4.02917495722815E-007
10305,1,-1E+036,-1E+036,-1E+036,-1E+036,-1E+036,-.0157204960156924,-.000683320181940551,.000423781847776332,-1E+036,-1E+036,-1E+036,.0466530398788307,-.00024342858888023,.000313711105005685,.0309325438631383,-.000926748770820781,.000737492952782017,.000276276244082287,3.0559710568237E-006,1.20951199042994E-005,-6.89898124093394E-006,-8.75289740962989E-007,2.98158412225438E-007,.000276219989974759,2.78571254904736E-006,1.24590942340025E-005,-6.90689761342378E-006,-8.80791373009985E-007,3.11003971151208E-007
10311,5,5.16102867112761,1.53577474963469,-.692291256109612,-.346187474261657,-1E+036,-.0120513615546291,-.00164319193118825,.000338606397483378,-.154381363269176,.0486115270931027,-.00391994817406224,.0466530398788307,-.00024342858888023,.000313711105005685,.0346016783242016,-.00188662052006848,.000652317502489063,.00026838281220397,-5.57669159305838E-006,7.35606912774651E-006,-5.91903684364683E-006,-6.17730577563046E-007,2.48556248081912E-007,.000267900606812283,-6.05913110073126E-006,7.32444923374809E-006,-5.85488477220531E-006,-6.57645102570856E-007,2.5674379204727E-007
10315,4,7.32984853391232,4.19902079766226,-.548241110227426,4.15973783765302E-006,.000166007505761116,.0126026507660004,-.000984558065722529,-.00030881087879132,.10881161066685,-.0633787722208837,.00757524065229277,.0466530398788307,-.00024342858888023,.000313711105005685,.0592556906448311,-.00122798665460276,4.90022621436463E-006,.000192377912835262,-9.53294466179239E-006,8.71800339970527E-006,-4.28213991295127E-006,-4.89352059595398E-007,2.17167115325796E-007,.0001895659965349,-1.03468667189819E-005,8.83193361366443E-006,-4.23613741176307E-006,-4.98087088682997E-007,2.29399635064283E-007
10316,4,7.65094848484186,4.25505304928214,-.548474152450746,.00038018092917916,-1E+036,.026994826567616,.00240841033608803,-.000783809612577363,-.119233729277913,.0862300864026962,-.0112653115776939,.0466530398788307,-.00024342858888023,.000313711105005685,.0736478664464467,.0021649817472078,-.000470098507571678,.000278512885706879,-1.26425006947147E-005,8.04956510736303E-006,-6.43206653265808E-006,-3.96881494224001E-007,2.70308179107302E-007,.000279246565492043,-1.36909417302676E-005,8.11344527841972E-006,-6.52155112069468E-006,-4.02890221280203E-007,2.87222559863212E-007
10329,4,5.4098977223507,1.92686443900183,-.548744202233878,.000304111542886301,.000155062373545856,.00614129040808168,-.000405965009413896,-.00012491257327968,.0113109207626488,-.0273636127078076,.0103168250074401,.0466530398788307,-.00024342858888023,.000313711105005685,.0527943302869124,-.000649393598294126,.000188798531726005,.000125994612158162,-4.13066879682547E-006,1.07508160884435E-005,-2.89102242800882E-006,-6.30386189355412E-007,1.88429112301998E-007,.000120449079429421,-4.68764566285649E-006,1.10320095394667E-005,-2.75902255166707E-006,-6.2776641968017E-007,1.97822852524845E-007
10330,1,-1E+036,-1E+036,-1E+036,-1E+036,-1E+036,.00013559406912763,-.00255513709574208,-2.16325865502608E-005,-1E+036,-1E+036,-1E+036,.0466530398788307,-.00024342858888023,.000313711105005685,.0467886339479583,-.00279856568462231,.000292078518455424,.00055494186394025,1.52912716680331E-005,1.03168892573149E-005,-1.44101884823284E-005,-1.22133582615458E-006,5.00502859060621E-007,.000565084859303756,1.5600348037565E-005,1.04960659700224E-005,-1.47030864099022E-005,-1.26914582932935E-006,5.20943373479257E-007
10331,1,-1E+036,-1E+036,-1E+036,-1E+036,-1E+036,.00185065957265088,.000640143945234329,-5.26795538110613E-005,-1E+036,-1E+036,-1E+036,.0466530398788307,-.00024342858888023,.000313711105005685,.0485036994514816,.0003967153563541,.000261031551194624,.000532428860862635,7.37946272213663E-006,9.92724111438062E-006,-1.37702001448438E-005,-9.80092727617525E-007,4.8242113316178E-007,.000542271947918255,7.21451709314689E-006,1.01003114963234E-005,-1.41165347738242E-005,-1.00913045088749E-006,5.06498454281437E-007
10333,4,4.44814645310457,.134795566642137,-.548868537282743,.00027681508745348,-1E+036,-.00327057026423388,.000190283250579888,9.61236916689505E-005,.0112926204068889,-.00934454083947315,.00135745723723144,.0466530398788307,-.00024342858888023,.000313711105005685,.0433824696145968,-5.31453383003415E-005,.000409834796674636,.00026085772192021,-8.50829935715469E-006,7.92373982194051E-006,-5.96373882907854E-006,-5.27496346471552E-007,2.57920867537464E-007,.000260581111332377,-9.25886071482365E-006,7.95881715672608E-006,-5.9785279163162E-006,-5.49106337087296E-007,2.71185579912482E-007
10335,5,4.93540877094633,1.05543758430726,-.692220980513968,-.345950824988873,-1E+036,-.00674105871248945,-.000128148332667585,.00017668680207239,-.0947762627065482,-.0360179838214955,-.00325957185327388,.0466530398788307,-.00024342858888023,.000313711105005685,.0399119811663412,-.000371576921547815,.000490397907078075,.000287264112896039,1.18874950158775E-005,3.5139502257146E-006,-7.46948298550085E-006,-2.88654341128836E-007,2.45007447662028E-007,.000287200238995566,1.20343669923839E-005,3.3935089941357E-006,-7.44155840802842E-006,-2.35069627702288E-007,2.47426295225224E-007
10336,1,-1E+036,-1E+036,-1E+036,-1E+036,-1E+036,.00203779307685712,-.000309869284251553,-2.23053994115501E-005,-1E+036,-1E+036,-1E+036,.0466530398788307,-.00024342858888023,.000313711105005685,.0486908329556878,-.000553297873131783,.000291405705594135,.000458616212140407,2.9817347529392E-005,1.03941826502039E-005,-1.33567857441804E-005,-1.36216229792536E-006,4.89126325472472E-007,.000465279888235701,3.07391252460814E-005,1.06391952671124E-005,-1.36490239235563E-005,-1.38335540203904E-006,5.10397745104251E-007
10339,1,-1E+036,-1E+036,-1E+036,-1E+036,-1E+036,.0022317800703499,-.0016548592543232,9.45402079873375E-005,-1E+036,-1E+036,-1E+036,.0466530398788307,-.00024342858888023,.000313711105005685,.0488848199491806,-.00189828784320343,.000408251312993023,.000545233712330291,2.23723476870194E-005,7.28034363079323E-006,-1.48227449287355E-005,-8.96681395868555E-007,4.83235661983054E-007,.00055509904213331,2.28808095257E-005,7.36037397403778E-006,-1.5155187660227E-005,-8.83563467624671E-007,5.01529815609211E-007
10343,3,-1E+036,-1E+036,-.346378379874785,-1E+036,-1E+036,-.0172716858577638,.000683464297614108,.000359700852263688,.00265648396059719,.0284452169688293,.00598127325468965,.0466530398788307,-.00024342858888023,.000313711105005685,.0293813540210669,.000440035708733879,.000673411957269373,.000307753756976856,2.89277352352268E-005,8.72417551454891E-006,-9.62060203480951E-006,-1.19157527600309E-006,3.83340137982567E-007,.00030874535709231,2.98866427043158E-005,8.8763706390178E-006,-9.75884060981618E-006,-1.20145702052994E-006,3.9903778247769E-007
10344,4,9.78601927769364,7.96305309438685,-.549049390387226,.000109570554122008,-1E+036,.0536427258887971,.00312149696841767,-.00145020084003808,.0758444033545339,-.014246942209941,.00282919136304694,.0466530398788307,-.00024342858888023,.000313711105005685,.100295765767628,.00287806837953744,-.0011364897350324,.000153768917140319,-8.18307471439392E-006,9.54146864938531E-006,-3.45980484031828E-006,-4.95347348185362E-007,1.98671989351583E-007,.000149495614332793,-8.95769320882873E-006,9.73603238822822E-006,-3.38229173585695E-006,-4.91549064377179E-007,2.10330959058174E-007
10345,1,-1E+036,-1E+036,-1E+036,-1E+036,-1E+036,-.00270213475503154,-.00175040902100402,.000227548869313255,-1E+036,-1E+036,-1E+036,.0466530398788307,-.00024342858888023,.000313711105005685,.0439509051237992,-.00199383760988425,.00054125997431894,.000536379552176062,3.14032795216927E-006,4.82963294521297E-006,-1.28475306889624E-005,-1.88882241202175E-007,3.68988232438304E-007,.000545661697949152,2.73033920336884E-006,4.79639816393536E-006,-1.30293350538803E-005,-1.30531929620986E-007,3.76976765893097E-007
10357,1,-1E+036,-1E+036,-1E+036,-1E+036,-1E+036,.00985705191259047,.000999761749088928,-.000284915110422762,-1E+036,-1E+036,-1E+036,.0466530398788307,-.00024342858888023,.000313711105005685,.0565100917914212,.000756333160208698,2.87959945829233E-005,.000361971768997115,-4.4038857566215E-006,1.06364366206906E-005,-8.83329401057007E-006,-6.36075793210341E-007,3.39439677690177E-007,.000365571833881134,-5.12037876041349E-006,1.09040360043565E-005,-8.98368526722822E-006,-6.32816309879676E-007,3.57458245246803E-007
10358,3,-1E+036,-1E+036,-.345978562899178,-1E+036,-1E+036,-.00763752146815093,-.000925806076060011,.0002287563406706,-1E+036,-1E+036,-1E+036,.0466530398788307,-.00024342858888023,.000313711105005685,.0390155184106798,-.00116923466494024,.000542467445676285,.00043960444403818,1.33327023163629E-005,8.99449050278261E-006,-1.0827066302142E-005,-1.17346611946467E-006,3.89061308855542E-007,.000444698107846888,1.38081276933043E-005,9.05092196463805E-006,-1.08555905182382E-005,-1.2415545562502E-006,3.97629073467628E-007
10359,5,8.02514171699788,4.93036438757296,-.691659694116575,-.345834974982651,-1E+036,.0137794599393918,.00233773199096085,-.000376625563010763,.3430798710583,-.117091855196317,.00993551654538481,.0466530398788307,-.00024342858888023,.000313711105005685,.0604324998182225,.00209430340208062,-6.29144580050782E-005,.000281356837957582,-3.72306582358666E-006,7.3821031733906E-006,-6.29193300311483E-006,-6.73559624149376E-007,2.59302541946195E-007,.000281265721843759,-4.09809367464793E-006,7.34554312803774E-006,-6.22968406239141E-006,-7.18404850066404E-007,2.67230605376986E-007
10361,1,-1E+036,-1E+036,-1E+036,-1E+036,-1E+036,-.00092841283053588,.00233403844150324,-.000188887929166378,-1E+036,-1E+036,-1E+036,.0466530398788307,-.00024342858888023,.000313711105005685,.0457246270482948,.00209060985262301,.000124823175839307,.000553967300323683,1.76353442900774E-005,6.42113371907216E-006,-1.46108218904077E-005,-7.00032117712015E-007,4.60059359064076E-007,.00056411317449168,1.79107537698358E-005,6.45885743435113E-006,-1.49192317373266E-005,-6.73842952111896E-007,4.76008517368121E-007
10365,3,-1E+036,-1E+036,-.346444392249372,-1E+036,-1E+036,.00609393763708705,.000245286279303562,-.000172973984632195,-.207537701020482,-.116105408215845,-.0150634779129279,.0466530398788307,-.00024342858888023,.000313711105005685,.0527469775159177,1.85769042333181E-006,.00014073712037349,.00039831873126779,2.67558663188736E-005,6.31819619201649E-006,-1.16013760862083E-005,-9.1792548709435E-007,4.05856421728599E-007,.000402685808083583,2.7555372177261E-005,6.33800315887694E-006,-1.18093209218758E-005,-9.04971368474223E-007,4.2057980836471E-007
10368,4,6.79794594043964,3.49970985084381,-.548389304603236,.000471112663807012,.000274237766424435,-.0317736651724971,-.00108710327770139,.000842863762522049,-.070729132163699,.0283809365959741,-.00423015005672839,.0466530398788307,-.00024342858888023,.000313711105005685,.0148793747063336,-.00133053186658162,.00115657486752773,.000145286681057705,-9.31640722126721E-006,1.02485614710911E-005,-3.11139859161242E-006,-4.92244313684254E-007,1.87641636165316E-007,.000140634868482843,-1.01473528036299E-005,1.04963625395232E-005,-3.00857046597761E-006,-4.85047224923321E-007,1.98084587001803E-007
10370,4,7.04847488869917,3.89111359489549,-.549074974696776,6.41405154253804E-005,3.96995634690311E-005,-.0103981561584644,.00454590432266285,-.000156351524679073,.0627481200484248,.0460640721275781,.00444228788296072,.0466530398788307,-.00024342858888023,.000313711105005685,.0362548837203663,.00430247573378262,.000157359580326612,.000275156653892201,1.19243368677797E-005,4.03358252610866E-006,-7.22673733314422E-006,-3.37687293283189E-007,2.44858220593956E-007,.000274687723529736,1.20765688011526E-005,3.94286584054805E-006,-7.19743713802138E-006,-2.88487529324182E-007,2.48009069264872E-007
10385,5,6.57205927665399,3.41447777794405,-.691783440957251,-.346194123629946,-.346299684336245,.0184014867266604,-.001000926242205,-.000507903611445139,.054068111510796,-.00908517346762753,-.000847409878855946,.0466530398788307,-.00024342858888023,.000313711105005685,.0650545266054911,-.00124435483108523,-.000194192506439454,.00020223601760609,-1.22275583697529E-005,8.08722332798493E-006,-4.40383930242299E-006,-4.09836070458664E-007,2.16371257609562E-007,.000199890943147465,-1.3177939719683E-005,8.15278446379252E-006,-4.37564390530906E-006,-4.18692893754008E-007,2.29164506999114E-007
10406,2,-1E+036,-1E+036,.000586482304232475,-1E+036,-1E+036,.0101540250468269,.00120122903956825,-.000323182824907996,-1E+036,-1E+036,-1E+036,.0466530398788307,-.00024342858888023,.000313711105005685,.0568070649256576,.000957800450688024,-9.47171990231137E-006,.000190450724978811,4.97126274135414E-006,1.19324018967399E-005,-4.96808547122231E-006,-9.1115077567398E-007,2.54286480542635E-007,.00018714473223335,4.83791035333788E-006,1.22843052823942E-005,-4.89927905901037E-006,-9.19574934855557E-007,2.65325087051872E-007
10408,4,5.28224460085956,1.64025214746302,-.548897105087147,.000130629929857721,8.22407224171961E-005,-.014841876237147,6.58549924080585E-005,.000355628477439382,-.0242373540429023,.0144478728935314,.00747221954364197,.0466530398788307,-.00024342858888023,.000313711105005685,.0318111636416837,-.000177573596472171,.000669339582445068,.000141571841177591,1.22837140924702E-005,1.0189797014307E-005,-4.36208152883095E-006,-9.45846571946998E-007,2.41981242935575E-007,.000136397196797075,1.25283762689628E-005,1.04337216952033E-005,-4.27816724173871E-006,-9.53395153059705E-007,2.52466652845307E-007
10409,2,-1E+036,-1E+036,.000273973084397358,-1E+036,-1E+036,.0260879297453386,.00235938578520891,-.000749553245879483,-1E+036,-1E+036,-1E+036,.0466530398788307,-.00024342858888023,.000313711105005685,.0727409696241693,.00211595719632868,-.000435842140873798,.000211246156013008,-2.07581718114929E-006,1.08453782447441E-005,-5.15268831793166E-006,-6.96696587815814E-007,2.49456032335735E-007,.000208972029492034,-2.57684718337035E-006,1.11270847197844E-005,-5.12192712774146E-006,-6.97692067172481E-007,2.62022002865458E-007
10451,2,-1E+036,-1E+036,9.91020244926854E-009,-1E+036,-1E+036,-.0103547557613605,-.000177901696708636,.000261362389376371,-1E+036,-1E+036,-1E+036,.0466530398788307,-.00024342858888023,.000313711105005685,.0362982841174702,-.000421330285588865,.000575073494382056,.000191709572604207,8.3629150996076E-006,1.2346037067494E-005,-5.20293781363144E-006,-1.018850464925E-006,2.66497854181437E-007,.000188382073573343,8.39880317870227E-006,1.2720920546807E-005,-5.1375574658921E-006,-1.03246227032707E-006,2.7775904682133E-007
10470,2,-1E+036,-1E+036,.00111112040042983,-1E+036,-1E+036,.0135344096135205,.000150170305370793,-.000349372148143097,-1E+036,-1E+036,-1E+036,.0466530398788307,-.00024342858888023,.000313711105005685,.0601874494923512,-9.32582835094371E-005,-3.56610431374121E-005,.000210723770926003,-6.55146005601779E-006,1.11279382911978E-005,-4.82261182711255E-006,-5.91950187535964E-007,2.3338080328395E-007,.000208460696490245,-7.28279775835303E-006,1.14365392278382E-005,-4.77767080523443E-006,-5.85290771116465E-007,2.45011377535128E-007
10472,2,-1E+036,-1E+036,1.19033933305534E-005,-1E+036,-1E+036,-.00467321646206696,.00352217748048574,-.000203494926858146,-1E+036,-1E+036,-1E+036,.0466530398788307,-.00024342858888023,.000313711105005685,.0419798234167637,.00327874889160551,.000110216178147539,.000510405171569865,2.34404376057389E-005,5.76727090096458E-006,-1.40528921450049E-005,-7.85311644812553E-007,4.53911336754134E-007,.000518965142872787,2.40139099786064E-005,5.76018354919492E-006,-1.4353887254577E-005,-7.62115102038751E-007,4.70040011536764E-007
10477,1,-1E+036,-1E+036,-1E+036,-1E+036,-1E+036,.00968644438968927,.00756644160563945,-.000932889285106275,-1E+036,-1E+036,-1E+036,.0466530398788307,-.00024342858888023,.000313711105005685,.05633948426852,.00732301301675922,-.00061917818010059,.000542462228732101,5.41558858618586E-006,5.0029085054112E-006,-1.32087008957999E-005,-2.62487694915097E-007,3.84854573915918E-007,.00055201103679754,5.11106220397319E-006,4.97645827501594E-006,-1.34145756875107E-005,-2.08612692641354E-007,3.94164620687294E-007
10479,2,-1E+036,-1E+036,.000509498279260131,-1E+036,-1E+036,-.0160944452778925,.00209046416640894,.000210883122343509,-1E+036,-1E+036,-1E+036,.0466530398788307,-.00024342858888023,.000313711105005685,.0305585946009382,.00184703557752871,.000524594227349194,.000391850016119834,6.47833869895762E-006,4.15495229248057E-006,-9.53649886290504E-006,-2.08645476374424E-007,2.87761362391776E-007,.000395674668830031,6.31026235973251E-006,4.07943435402136E-006,-9.57742392563445E-006,-1.51028016101698E-007,2.91486212223413E-007
10480,1,-1E+036,-1E+036,-1E+036,-1E+036,-1E+036,-.0162482280019044,.00139793181389385,.000272698049783605,-1E+036,-1E+036,-1E+036,.0466530398788307,-.00024342858888023,.000313711105005685,.0304048118769263,.00115450322501362,.00058640915478929,.000404398167472615,2.81216943755414E-005,1.15072329860922E-005,-1.18845027531875E-005,-1.41921201700086E-006,4.58261469250647E-007,.000409014569696191,2.89975979921266E-005,1.18163217757003E-005,-1.21112875428281E-005,-1.44711622154507E-006,4.78441604051244E-007
10483,2,-1E+036,-1E+036,.000164338210243535,-1E+036,-1E+036,-.0072031839061806,-.000415171189465523,.000203585817211174,-1E+036,-1E+036,-1E+036,.0466530398788307,-.00024342858888023,.000313711105005685,.0394498559726501,-.000658599778345753,.000517296922216859,.000200999498702936,1.2048319530388E-005,1.23576920145391E-005,-5.69623305374985E-006,-1.10735279479501E-006,2.84770897417118E-007,.00019799558667475,1.2259926188737E-005,1.27300697905065E-005,-5.65210170746969E-006,-1.12511267161851E-006,2.96869334485518E-007
10486,1,-1E+036,-1E+036,-1E+036,-1E+036,-1E+036,-.000173487009479737,.000499600477073976,-4.10650445297702E-005,-1E+036,-1E+036,-1E+036,.0466530398788307,-.00024342858888023,.000313711105005685,.046479552869351,.000256171888193746,.000272646060475915,.000554195089607508,1.73381850347577E-005,6.37480698901736E-006,-1.45895246500884E-005,-6.88360454102335E-007,4.58463599730895E-007,.000564346243584317,1.75991746164311E-005,6.41030156180347E-006,-1.4896057203779E-005,-6.61408928667333E-007,4.74260803003667E-007
10489,2,-1E+036,-1E+036,5.05879420637788E-005,-1E+036,-1E+036,6.25859158253748E-005,.000272717497186983,-1.48782895467913E-005,-1E+036,-1E+036,-1E+036,.0466530398788307,-.00024342858888023,.000313711105005685,.0467156257946561,2.92889083067536E-005,.000298832815458894,.000200134053269501,-2.33662972103887E-006,1.12855423186615E-005,-4.7974566704158E-006,-7.04408652442795E-007,2.39051807384576E-007,.000197372158338089,-2.844160887984E-006,1.15999963201995E-005,-4.74060890896392E-006,-7.0383730242208E-007,2.50449376405535E-007
10492,1,-1E+036,-1E+036,-1E+036,-1E+036,-1E+036,.000411480206487271,.00173270737143604,-.000167909282677906,-1E+036,-1E+036,-1E+036,.0466530398788307,-.00024342858888023,.000313711105005685,.047064520085318,.00148927878255581,.000145801822327779,.000554566180411939,1.35596638125894E-005,5.84500493446271E-006,-1.42552734255463E-005,-5.45128976327766E-007,4.37030627990584E-007,.000564686542946295,1.36388661503252E-005,5.85549073440405E-006,-1.45349339712909E-005,-5.08931365426066E-007,4.50852247488102E-007
10500,3,-1E+036,-1E+036,-.34592877349062,-1E+036,-1E+036,.0121494794407556,.000265461940533718,-.000316756961351912,-.0489643685751139,-.110252991008743,-.0328637203404535,.0466530398788307,-.00024342858888023,.000313711105005685,.0588025193195863,2.20333516534882E-005,-3.0458563462274E-006,.000195215726092389,1.97369406167025E-005,1.11138684201858E-005,-6.17214139501975E-006,-1.18692712324988E-006,3.02105554805506E-007,.000191981957655941,2.03193823070042E-005,1.14082156004292E-005,-6.1588310684404E-006,-1.20569909090199E-006,3.15040092368279E-007
10527,2,-1E+036,-1E+036,.000304688909808053,-1E+036,-1E+036,.0063577121417276,.000753180515086669,-.000230339075852682,-1E+036,-1E+036,-1E+036,.0466530398788307,-.00024342858888023,.000313711105005685,.0530107520205583,.000509751926206439,8.33720291530033E-005,.000507619595097468,-2.60006953266357E-007,3.53788976022939E-006,-1.18056407056996E-005,1.52833981909381E-008,3.2387282458248E-007,.000515741935693923,-8.23816812471682E-007,3.435025272847E-006,-1.19258345155249E-005,8.8457181495258E-008,3.28067189751505E-007
10529,3,-1E+036,-1E+036,-.346558069710233,-1E+036,-1E+036,.0164153439378614,.000536459391361849,-.000431309911830428,.0237244071091956,.00296765802596923,-.003171020553548,.0466530398788307,-.00024342858888023,.000313711105005685,.0630683838166921,.00029303080248162,-.000117598806824743,.000145539826573535,5.25704739641027E-006,1.18794634512994E-005,-3.89654010277244E-006,-9.12697201395145E-007,2.28240214326726E-007,.000140519803530366,5.16061543253758E-006,1.22283935556453E-005,-3.78307861619195E-006,-9.21526859393214E-007,2.38070782799027E-007
10542,1,-1E+036,-1E+036,-1E+036,-1E+036,-1E+036,.00130445146125177,.000562605726330243,-8.42812518155504E-005,-1E+036,-1E+036,-1E+036,.0466530398788307,-.00024342858888023,.000313711105005685,.0479574913400825,.000319177137450013,.000229429853190135,.000511072148773357,-3.75470133011808E-006,4.45991677351723E-006,-1.15763606961417E-005,2.08442807727543E-008,3.17506146433989E-007,.000519270432247552,-4.47956645198223E-006,4.41506992446832E-006,-1.1676027633299E-005,9.15963038750582E-008,3.21310677235099E-007
10686,1,-1E+036,-1E+036,-1E+036,-1E+036,-1E+036,-.00332765259350182,-9.94678998432964E-005,8.6971620180047E-005,-1E+036,-1E+036,-1E+036,.0466530398788307,-.00024342858888023,.000313711105005685,.0433253872853289,-.000342896488723526,.000400682725185732,.000275359476942896,6.81168706599798E-006,1.23718234010259E-005,-7.10388133564236E-006,-9.83397090337467E-007,3.09683150485261E-007,.000275196347448367,6.73102885226357E-006,1.27497053239798E-005,-7.11365531985445E-006,-9.94289911004134E-007,3.2272565634658E-007
10699,2,-1E+036,-1E+036,5.10019917708979E-005,-1E+036,-1E+036,.00672477866055302,-2.48523271035766E-005,-.000160948828782163,-1E+036,-1E+036,-1E+036,.0466530398788307,-.00024342858888023,.000313711105005685,.0533778185393837,-.000268280915983806,.000152762276223522,.000188865485703178,3.45268175692673E-006,1.19382894209923E-005,-4.824596387301E-006,-8.75544376358329E-007,2.48394097770287E-007,.000185515393422698,3.24487787785116E-006,1.22918082833198E-005,-4.75033606723238E-006,-8.82267630443777E-007,2.59197837064201E-007
10717,1,-1E+036,-1E+036,-1E+036,-1E+036,-1E+036,.00130144480462755,-.00144724126038878,9.89326328009683E-005,-1E+036,-1E+036,-1E+036,.0466530398788307,-.00024342858888023,.000313711105005685,.0479544846834582,-.00169066984926901,.000412643737806653,.000550304730702511,2.03327984055283E-005,6.87931351507095E-006,-1.47642208179977E-005,-8.09281250460455E-007,4.73834107138762E-007,.00056034117871144,2.07400973117934E-005,6.93938593567812E-006,-1.50878157057572E-005,-7.90298236551473E-007,4.91137602973179E-007
10807,1,-1E+036,-1E+036,-1E+036,-1E+036,-1E+036,.000783320532638016,-.00126348836327204,9.52091991597478E-005,-1E+036,-1E+036,-1E+036,.0466530398788307,-.00024342858888023,.000313711105005685,.0474363604114687,-.00150691695215227,.000408920304165433,.000552643430448812,1.88867850725596E-005,6.62482638651654E-006,-1.46913774345623E-005,-7.49938338363658E-007,4.6661662560381E-007,.000562752993134667,1.92231485277956E-005,6.67242057761082E-006,-1.50072668329272E-005,-7.27024903559174E-007,4.83199869797321E-007
10816,1,-1E+036,-1E+036,-1E+036,-1E+036,-1E+036,.0175854345182486,.00125202667817491,-.000495965357444486,-1E+036,-1E+036,-1E+036,.0466530398788307,-.00024342858888023,.000313711105005685,.0642384743970793,.00100859808929468,-.000182254252438801,.000305065530697888,-2.62189235873417E-006,1.13549812600453E-005,-7.36373111948687E-006,-7.00064200005214E-007,3.01906277113844E-007,.000306307972545424,-3.20369598150957E-006,1.16746456105079E-005,-7.4186177252061E-006,-6.97504222193684E-007,3.16353827437255E-007
10820,1,-1E+036,-1E+036,-1E+036,-1E+036,-1E+036,.0303539250181285,-.000879573840039778,-.000657635079954318,-1E+036,-1E+036,-1E+036,.0466530398788307,-.00024342858888023,.000313711105005685,.0770069648969592,-.00112300242892001,-.000343923974948633,.000334136353847799,2.15674939238566E-005,1.24362215217921E-005,-9.62720616469668E-006,-1.34045091339096E-006,3.97019588088432E-007,.000336096643394888,2.21732299181293E-005,1.28045000195264E-005,-9.7480658416966E-006,-1.36783511799452E-006,4.14227040891099E-007
10825,1,-1E+036,-1E+036,-1E+036,-1E+036,-1E+036,.00827468248882986,.00018096517793463,-.000211824796033025,-1E+036,-1E+036,-1E+036,.0466530398788307,-.00024342858888023,.000313711105005685,.0549277223676606,-6.24634109455993E-005,.00010188630897266,.000278529256135074,9.12375067187632E-006,1.24894261175128E-005,-7.33513141676679E-006,-1.04707082006885E-006,3.19526140997721E-007,.000278455099704403,9.15620578143147E-006,1.28723595751949E-005,-7.35274311893039E-006,-1.06113536947459E-006,3.32931647466103E-007
10869,1,-1E+036,-1E+036,-1E+036,-1E+036,-1E+036,.026234032091323,-.000119315136747926,-.000620174080750702,-1E+036,-1E+036,-1E+036,.0466530398788307,-.00024342858888023,.000313711105005685,.0728870719701537,-.000362743725628156,-.000306462975745017,.000302641218865389,1.63164846463944E-005,1.26164143670226E-005,-8.44666825865604E-006,-1.22895057088765E-006,3.59665607409714E-007,.000303424482054261,1.66873306572574E-005,1.30001861247205E-005,-8.5122786651229E-006,-1.2517181888692E-006,3.74962735051396E-007
10878,1,-1E+036,-1E+036,-1E+036,-1E+036,-1E+036,-.0115454857639184,.000197030491237654,.00026141415818827,-1E+036,-1E+036,-1E+036,.0466530398788307,-.00024342858888023,.000313711105005685,.0351075541149123,-4.63980976425758E-005,.000575125263193955,.000318310666041623,1.92073263085842E-005,1.25527164042512E-005,-9.05324740630657E-006,-1.2932601591783E-006,3.79352165074307E-007,.000319676814132695,1.97088501889398E-005,1.29300038743057E-005,-9.14705972420095E-006,-1.3188174452586E-006,3.95653211852874E-007
